Year,Region,Code,Wave,Country,LIS Dataset.3,Gross / net,"Primary
Income","Gross
Income","Disposable
Income",Total,"From
Transfers","From
Taxes",Total2,"From
Transfers3","From
Taxes4","From
Transfers5","From
Taxes6",Year7,Code8,Wave9,LIS Dataset10,Gross / net11,"Primary
Income12","Gross
Income13","Disposable
Income14",Total15,"From
Transfers16","From
Taxes17",Total18,"From
Transfers19","From
Taxes20","From
Transfers21","From
Taxes22"
2010,Anglo-Saxon,AU,Wave VIII,Australia,,Gross,0.477,0.368,0.33,0.147,0.109,0.038,0.31,0.23,0.08,0.74,0.26,2010,AU,Wave VIII,Australia 2010,Gross,0.414,0.347,0.313,0.102,0.068,0.034,0.25,0.16,0.08,0.67,0.33
2008,Anglo-Saxon,AU,Wave VII,Australia,,Gross,0.475,0.376,0.333,0.142,0.099,0.043,0.3,0.21,0.09,0.7,0.3,2008,AU,Wave VII,Australia 2008,Gross,0.417,0.359,0.321,0.096,0.058,0.038,0.23,0.14,0.09,0.6,0.4
2003,Anglo-Saxon,AU,Wave VI,Australia,,Gross,0.475,0.36,0.312,0.163,0.116,0.048,0.34,0.24,0.1,0.71,0.29,2003,AU,Wave VI,Australia 2003,Gross,0.421,0.344,0.301,0.12,0.077,0.043,0.28,0.18,0.1,0.64,0.36
2001,Anglo-Saxon,AU,Wave V,Australia,,Gross,0.488,0.366,0.317,0.171,0.122,0.049,0.35,0.25,0.1,0.71,0.29,2001,AU,Wave V,Australia 2001,Gross,0.433,0.352,0.308,0.125,0.081,0.044,0.29,0.19,0.1,0.65,0.35
1995,Anglo-Saxon,AU,Wave IV,Australia,,Gross,0.474,0.357,0.308,0.166,0.117,0.049,0.35,0.25,0.1,0.71,0.29,1995,AU,Wave IV,Australia 1995,Gross,0.422,0.343,0.299,0.123,0.079,0.044,0.29,0.19,0.1,0.64,0.36
1989,Anglo-Saxon,AU,Wave III,Australia,,Gross,0.435,0.353,0.302,0.132,0.082,0.05,0.3,0.19,0.12,0.62,0.38,1989,AU,Wave III,Australia 1989,Gross,0.386,0.332,0.287,0.099,0.053,0.045,0.26,0.14,0.12,0.54,0.46
1985,Anglo-Saxon,AU,Wave II,Australia,,Gross,0.434,0.346,0.292,0.143,0.088,0.055,0.33,0.2,0.13,0.62,0.38,1985,AU,Wave II,Australia 1985,Gross,0.39,0.329,0.279,0.111,0.061,0.05,0.28,0.16,0.13,0.55,0.45
1981,Anglo-Saxon,AU,Wave I,Australia,,Gross,0.402,0.327,0.281,0.122,0.076,0.046,0.3,0.19,0.11,0.62,0.38,1981,AU,Wave I,Australia 1981,Gross,0.367,0.317,0.274,0.093,0.049,0.044,0.25,0.13,0.12,0.53,0.47
2013,EU15,AT,Wave IX,Austria,,Gross,0.493,0.322,0.279,0.215,0.171,0.044,0.44,0.35,0.09,0.8,0.2,2013,AT,Wave IX,Austria 2013,Gross,0.417,0.32,0.28,0.137,0.097,0.04,0.33,0.23,0.1,0.7,0.3
2010,EU15,AT,Wave VIII,Austria,,Gross,0.491,0.325,0.279,0.212,0.166,0.046,0.43,0.34,0.09,0.78,0.22,2010,AT,Wave VIII,Austria 2010,Gross,0.421,0.32,0.277,0.143,0.1,0.043,0.34,0.24,0.1,0.7,0.3
2007,EU15,AT,Wave VII,Austria,,Gross,0.485,0.329,0.284,0.201,0.156,0.045,0.41,0.32,0.09,0.78,0.22,2007,AT,Wave VII,Austria 2007,Gross,0.416,0.322,0.281,0.135,0.094,0.042,0.33,0.23,0.1,0.69,0.31
2004,EU15,AT,Wave VI,Austria,,Gross,0.458,0.303,0.269,0.19,0.155,0.034,0.41,0.34,0.08,0.82,0.18,2004,AT,Wave VI,Austria 2004,Gross,0.399,0.298,0.267,0.132,0.101,0.031,0.33,0.25,0.08,0.77,0.23
2000,EU15,AT,Wave V,Austria,,Net,0.427,0.257,0.257,0.17,0.17,,0.4,0.4,0,1,,2000,AT,Wave V,Austria 2000,Net,0.364,0.254,0.254,0.11,0.11,,0.3,0.3,0,1,
1997,EU15,AT,Wave IV,Austria,,Net,0.427,0.266,0.266,0.161,0.161,,0.38,0.38,0,1,,1997,AT,Wave IV,Austria 1997,Net,0.364,0.261,0.261,0.103,0.103,,0.28,0.28,0,1,
1995,EU15,AT,Wave IV,Austria,,Mix,,,0.277,,,,,,,,,1995,AT,Wave IV,Austria 1995,Mix,,,0.271,,,,,,,,
1994,EU15,AT,Wave IV,Austria,,Net,0.439,0.28,0.28,0.158,0.158,,0.36,0.36,0,1,,1994,AT,Wave IV,Austria 1994,Net,0.375,0.278,0.278,0.097,0.097,,0.26,0.26,0,1,
1987,EU15,AT,Wave II,Austria,,Mix,,,0.227,,,,,,,,,1987,AT,Wave II,Austria 1987,Mix,,,0.212,,,,,,,,
2000,EU15,BE,Wave V,Belgium,,Net,0.474,0.279,0.279,0.195,0.195,,0.41,0.41,0,1,,2000,BE,Wave V,Belgium 2000,Net,0.392,0.275,0.275,0.117,0.117,,0.3,0.3,0,1,
1997,EU15,BE,Wave IV,Belgium,,Gross,0.482,0.324,0.25,0.231,0.158,0.073,0.48,0.33,0.15,0.68,0.32,1997,BE,Wave IV,Belgium 1997,Gross,0.418,0.312,0.246,0.172,0.106,0.066,0.41,0.25,0.16,0.62,0.38
1995,EU15,BE,Wave IV,Belgium,,Net,0.467,0.266,0.266,0.2,0.2,,0.43,0.43,0,1,,1995,BE,Wave IV,Belgium 1995,Net,0.399,0.262,0.262,0.136,0.136,,0.34,0.34,0,1,
1992,EU15,BE,Wave III,Belgium,,Gross,0.45,0.285,0.222,0.227,0.164,0.063,0.51,0.37,0.14,0.72,0.28,1992,BE,Wave III,Belgium 1992,Gross,0.395,0.274,0.218,0.177,0.121,0.056,0.45,0.31,0.14,0.68,0.32
1988,EU15,BE,Wave III,Belgium,,Net,0.421,0.232,0.232,0.189,0.189,,0.45,0.45,0,1,,1988,BE,Wave III,Belgium 1988,Net,0.373,0.228,0.228,0.145,0.145,,0.39,0.39,0,1,
1985,EU15,BE,Wave II,Belgium,,Net,0.414,0.227,0.227,0.188,0.188,,0.45,0.45,0,1,,1985,BE,Wave II,Belgium 1985,Net,0.37,0.225,0.225,0.145,0.145,,0.39,0.39,0,1,
2013,BRICS,BR,Wave IX,Brazil,,Gross,0.542,0.468,0.45,0.093,0.075,0.018,0.17,0.14,0.03,0.8,0.2,2013,BR,Wave IX,Brazil 2013,Gross,0.516,0.463,0.444,0.072,0.053,0.019,0.14,0.1,0.04,0.74,0.26
2011,BRICS,BR,Wave VIII,Brazil,,Gross,0.544,0.476,0.46,0.084,0.068,0.016,0.15,0.12,0.03,0.81,0.19,2011,BR,Wave VIII,Brazil 2011,Gross,0.518,0.47,0.454,0.064,0.048,0.016,0.12,0.09,0.03,0.74,0.26
2009,BRICS,BR,Wave VII,Brazil,,Gross,0.546,0.483,0.467,0.079,0.063,0.015,0.14,0.12,0.03,0.8,0.2,2009,BR,Wave VII,Brazil 2009,Gross,0.521,0.477,0.461,0.06,0.045,0.016,0.12,0.09,0.03,0.74,0.26
2006,BRICS,BR,Wave VI,Brazil,,Gross,0.558,0.5,0.487,0.071,0.058,0.014,0.13,0.1,0.02,0.81,0.19,2006,BR,Wave VI,Brazil 2006,Gross,0.536,0.494,0.48,0.056,0.042,0.014,0.1,0.08,0.03,0.76,0.24
2010,Anglo-Saxon,CA,Wave VIII,Canada,,Gross,0.481,0.356,0.317,0.164,0.125,0.039,0.34,0.26,0.08,0.76,0.24,2010,CA,Wave VIII,Canada 2010,Gross,0.432,0.358,0.322,0.11,0.074,0.036,0.26,0.17,0.08,0.67,0.33
2007,Anglo-Saxon,CA,Wave VII,Canada,,Gross,0.471,0.355,0.315,0.156,0.116,0.04,0.33,0.25,0.09,0.74,0.26,2007,CA,Wave VII,Canada 2007,Gross,0.426,0.355,0.318,0.108,0.07,0.037,0.25,0.17,0.09,0.65,0.35
2004,Anglo-Saxon,CA,Wave VI,Canada,,Gross,0.475,0.358,0.318,0.156,0.117,0.039,0.33,0.25,0.08,0.75,0.25,2004,CA,Wave VI,Canada 2004,Gross,0.43,0.357,0.321,0.109,0.073,0.036,0.25,0.17,0.08,0.67,0.33
2000,Anglo-Saxon,CA,Wave V,Canada,,Gross,0.465,0.356,0.315,0.151,0.11,0.041,0.32,0.24,0.09,0.73,0.27,2000,CA,Wave V,Canada 2000,Gross,0.424,0.356,0.32,0.105,0.068,0.037,0.25,0.16,0.09,0.65,0.35
1998,Anglo-Saxon,CA,Wave V,Canada,,Gross,0.475,0.354,0.311,0.164,0.121,0.043,0.35,0.25,0.09,0.74,0.26,1998,CA,Wave V,Canada 1998,Gross,0.436,0.355,0.317,0.119,0.08,0.039,0.27,0.18,0.09,0.67,0.33
1997,Anglo-Saxon,CA,Wave IV,Canada,,Gross,0.45,0.336,0.291,0.158,0.113,0.045,0.35,0.25,0.1,0.72,0.28,1997,CA,Wave IV,Canada 1997,Gross,0.403,0.334,0.293,0.11,0.069,0.041,0.27,0.17,0.1,0.63,0.37
1994,Anglo-Saxon,CA,Wave IV,Canada,,Gross,0.448,0.329,0.284,0.164,0.118,0.045,0.37,0.26,0.1,0.72,0.28,1994,CA,Wave IV,Canada 1994,Gross,0.402,0.324,0.284,0.118,0.078,0.04,0.29,0.19,0.1,0.66,0.34
1991,Anglo-Saxon,CA,Wave III,Canada,,Gross,0.426,0.325,0.281,0.145,0.101,0.043,0.34,0.24,0.1,0.7,0.3,1991,CA,Wave III,Canada 1991,Gross,0.386,0.318,0.279,0.107,0.068,0.039,0.28,0.18,0.1,0.63,0.37
1987,Anglo-Saxon,CA,Wave II,Canada,,Gross,0.407,0.32,0.283,0.124,0.086,0.037,0.3,0.21,0.09,0.7,0.3,1987,CA,Wave II,Canada 1987,Gross,0.369,0.314,0.28,0.09,0.056,0.034,0.24,0.15,0.09,0.62,0.38
1981,Anglo-Saxon,CA,Wave I,Canada,,Gross,0.381,0.315,0.284,0.097,0.066,0.031,0.26,0.17,0.08,0.68,0.32,1981,CA,Wave I,Canada 1981,Gross,0.348,0.309,0.28,0.068,0.039,0.029,0.19,0.11,0.08,0.58,0.42
1975,Anglo-Saxon,CA,Historical wave,Canada,,Gross,0.385,0.32,0.289,0.096,0.066,0.03,0.25,0.17,0.08,0.68,0.32,1975,CA,Historical wave,Canada 1975,Gross,0.351,0.31,0.282,0.07,0.041,0.029,0.2,0.12,0.08,0.59,0.41
1971,Anglo-Saxon,CA,Historical wave,Canada,,Gross,0.404,0.349,0.316,0.087,0.055,0.033,0.22,0.14,0.08,0.62,0.38,1971,CA,Historical wave,Canada 1971,Gross,0.366,0.339,0.309,0.056,0.027,0.03,0.15,0.07,0.08,0.47,0.53
2002,BRICS,CN,Wave V,China,,Mix,0.561,0.557,0.505,0.056,0.003,0.052,0.1,0.01,0.09,0.06,0.94,2002,CN,Wave V,China 2002,Mix,0.558,0.557,0.504,0.054,0.001,0.053,0.1,0,0.1,0.01,0.99
2013,Latin America,CO,Wave IX,Colombia,,Mix,0.517,0.509,0.491,0.026,0.008,0.018,0.05,0.02,0.03,0.31,0.69,2013,CO,Wave IX,Colombia 2013,Mix,0.508,0.503,0.486,0.023,0.005,0.017,0.04,0.01,0.03,0.23,0.77
2010,Latin America,CO,Wave VIII,Colombia,,Mix,0.497,0.499,0.482,0.014,-0.002,0.017,0.03,0,0.03,-0.17,1.17,2010,CO,Wave VIII,Colombia 2010,Mix,0.493,0.494,0.478,0.015,-0.001,0.016,0.03,0,0.03,-0.05,1.05
2007,Latin America,CO,Wave VII,Colombia,,Mix,0.533,0.536,0.523,0.01,-0.003,0.013,0.02,-0.01,0.02,-0.27,1.27,2007,CO,Wave VII,Colombia 2007,Mix,0.524,0.526,0.514,0.01,-0.002,0.012,0.02,0,0.02,-0.21,1.21
2004,Latin America,CO,Wave VI,Colombia,,Gross,0.506,0.508,0.506,0,-0.003,0.003,0,-0.01,0.01,-30.19,31.19,2004,CO,Wave VI,Colombia 2004,Gross,0.505,0.507,0.505,0,-0.002,0.002,0,0,0,4.69,-3.69
2013,CEE,CZ,Wave IX,Czech,2013,Gross,0.457,0.293,0.258,0.199,0.164,0.035,0.44,0.36,0.08,0.82,0.18,2013,CZ,Wave IX,Czech Republic 2013,Gross,0.375,0.285,0.255,0.12,0.091,0.03,0.32,0.24,0.08,0.75,0.25
2010,CEE,CZ,Wave VIII,Czech,2010,Gross,0.447,0.291,0.256,0.191,0.157,0.034,0.43,0.35,0.08,0.82,0.18,2010,CZ,Wave VIII,Czech Republic 2010,Gross,0.379,0.282,0.252,0.127,0.097,0.029,0.33,0.26,0.08,0.77,0.23
2007,CEE,CZ,Wave VII,Czech,2007,Gross,0.446,0.293,0.251,0.195,0.154,0.041,0.44,0.34,0.09,0.79,0.21,2007,CZ,Wave VII,Czech Republic 2007,Gross,0.379,0.281,0.247,0.133,0.098,0.035,0.35,0.26,0.09,0.74,0.26
2004,CEE,CZ,Wave VI,Czech,2004,Gross,0.466,0.304,0.266,0.2,0.161,0.039,0.43,0.35,0.08,0.81,0.19,2004,CZ,Wave VI,Czech Republic 2004,Gross,0.406,0.298,0.265,0.141,0.108,0.033,0.35,0.27,0.08,0.77,0.23
2002,CEE,CZ,Wave V,Czech,2002,Gross,0.464,0.296,0.255,0.208,0.168,0.041,0.45,0.36,0.09,0.81,0.19,2002,CZ,Wave V,Czech Republic 2002,Gross,0.406,0.291,0.256,0.15,0.115,0.035,0.37,0.28,0.09,0.77,0.23
1996,CEE,CZ,Wave IV,Czech,1996,Gross,0.431,0.293,0.256,0.175,0.138,0.037,0.41,0.32,0.09,0.79,0.21,1996,CZ,Wave IV,Czech Republic 1996,Gross,0.366,0.279,0.249,0.117,0.087,0.03,0.32,0.24,0.08,0.74,0.26
1992,CEE,CZ,Wave III,Czech,1992,Gross,0.4,0.232,0.205,0.195,0.168,0.027,0.49,0.42,0.07,0.86,0.14,1992,CZ,Wave III,Czech Republic 1992,Gross,0.351,0.224,0.202,0.149,0.127,0.022,0.42,0.36,0.06,0.85,0.15
2013,EU15,DK,Wave IX,Denmark,,Gross,0.476,0.291,0.249,0.226,0.185,0.042,0.48,0.39,0.09,0.82,0.18,2013,DK,Wave IX,Denmark 2013,Gross,0.402,0.29,0.25,0.153,0.112,0.04,0.38,0.28,0.1,0.74,0.26
2010,EU15,DK,Wave VIII,Denmark,,Gross,0.465,0.289,0.248,0.217,0.176,0.041,0.47,0.38,0.09,0.81,0.19,2010,DK,Wave VIII,Denmark 2010,Gross,0.396,0.285,0.246,0.15,0.111,0.039,0.38,0.28,0.1,0.74,0.26
2007,EU15,DK,Wave VII,Denmark,,Gross,0.438,0.285,0.238,0.2,0.153,0.047,0.46,0.35,0.11,0.76,0.24,2007,DK,Wave VII,Denmark 2007,Gross,0.37,0.276,0.231,0.138,0.093,0.045,0.37,0.25,0.12,0.67,0.33
2004,EU15,DK,Wave VI,Denmark,,Gross,0.447,0.271,0.228,0.219,0.176,0.042,0.49,0.39,0.1,0.81,0.19,2004,DK,Wave VI,Denmark 2004,Gross,0.381,0.261,0.222,0.159,0.12,0.039,0.42,0.31,0.1,0.75,0.25
2000,EU15,DK,Wave V,Denmark,,Gross,0.438,0.272,0.225,0.213,0.166,0.047,0.49,0.38,0.11,0.78,0.22,2000,DK,Wave V,Denmark 2000,Gross,0.372,0.26,0.217,0.155,0.111,0.044,0.42,0.3,0.12,0.72,0.28
1995,EU15,DK,Wave IV,Denmark,,Gross,0.444,0.261,0.218,0.227,0.184,0.043,0.51,0.41,0.1,0.81,0.19,1995,DK,Wave IV,Denmark 1995,Gross,0.377,0.248,0.209,0.168,0.129,0.04,0.45,0.34,0.1,0.77,0.23
1992,EU15,DK,Wave III,Denmark,,Gross,0.447,0.286,0.238,0.21,0.161,0.049,0.47,0.36,0.11,0.77,0.23,1992,DK,Wave III,Denmark 1992,Gross,0.381,0.269,0.229,0.151,0.111,0.04,0.4,0.29,0.1,0.74,0.26
1987,EU15,DK,Wave II,Denmark,,Gross,0.416,0.283,0.255,0.161,0.132,0.029,0.39,0.32,0.07,0.82,0.18,1987,DK,Wave II,Denmark 1987,Gross,0.349,0.256,0.238,0.112,0.093,0.019,0.32,0.27,0.05,0.83,0.17
2007,Latin America,DO,Wave VII,Dominican,2007,Gross,0.498,0.494,0.49,0.008,0.005,0.004,0.02,0.01,0.01,0.55,0.45,2007,DO,Wave VII,Dominican Rep 2007,Gross,0.49,0.487,0.483,0.007,0.004,0.003,0.01,0.01,0.01,0.51,0.49
2012,Middle East,EG,Wave IX,Egypt,,Net,0.492,0.464,0.464,0.028,0.028,,0.06,0.06,0,1,,2012,EG,Wave IX,Egypt 2012,Net,0.486,0.46,0.46,0.026,0.026,,0.05,0.05,0,1,
2013,CEE,EE,Wave IX,Estonia,,Gross,0.54,0.429,0.352,0.188,0.111,0.077,0.35,0.21,0.14,0.59,0.41,2013,EE,Wave IX,Estonia 2013,Gross,0.473,0.419,0.349,0.124,0.054,0.07,0.26,0.11,0.15,0.44,0.56
2010,CEE,EE,Wave VIII,Estonia,,Gross,0.516,0.394,0.319,0.197,0.122,0.075,0.38,0.24,0.15,0.62,0.38,2010,EE,Wave VIII,Estonia 2010,Gross,0.45,0.39,0.321,0.13,0.06,0.07,0.29,0.13,0.15,0.46,0.54
2007,CEE,EE,Wave VII,Estonia,,Gross,0.493,0.4,0.312,0.181,0.094,0.088,0.37,0.19,0.18,0.52,0.48,2007,EE,Wave VII,Estonia 2007,Gross,0.429,0.388,0.3,0.129,0.041,0.088,0.3,0.1,0.21,0.32,0.68
2004,CEE,EE,Wave VI,Estonia,,Gross,0.496,0.379,0.347,0.149,0.117,0.032,0.3,0.24,0.06,0.78,0.22,2004,EE,Wave VI,Estonia 2004,Gross,0.435,0.37,0.343,0.091,0.065,0.026,0.21,0.15,0.06,0.71,0.29
2000,CEE,EE,Wave V,Estonia,,Mix,0.499,0.362,0.361,0.138,0.137,0.001,0.28,0.28,0,0.99,0.01,2000,EE,Wave V,Estonia 2000,Mix,0.454,0.366,0.364,0.09,0.088,0.002,0.2,0.19,0,0.98,0.02
2013,EU15,FI,Wave IX,Finland,,Gross,0.487,0.347,0.259,0.228,0.14,0.088,0.47,0.29,0.18,0.61,0.39,2013,FI,Wave IX,Finland 2013,Gross,0.408,0.364,0.26,0.148,0.044,0.104,0.36,0.11,0.26,0.3,0.7
2010,EU15,FI,Wave VIII,Finland,,Gross,0.478,0.337,0.261,0.217,0.141,0.076,0.45,0.29,0.16,0.65,0.35,2010,FI,Wave VIII,Finland 2010,Gross,0.408,0.353,0.264,0.145,0.056,0.089,0.35,0.14,0.22,0.39,0.61
2007,EU15,FI,Wave VII,Finland,,Gross,0.469,0.35,0.264,0.205,0.119,0.086,0.44,0.25,0.18,0.58,0.42,2007,FI,Wave VII,Finland 2007,Gross,0.403,0.364,0.263,0.141,0.039,0.101,0.35,0.1,0.25,0.28,0.72
2004,EU15,FI,Wave VI,Finland,,Gross,0.472,0.349,0.257,0.214,0.122,0.092,0.45,0.26,0.19,0.57,0.43,2004,FI,Wave VI,Finland 2004,Gross,0.408,0.364,0.257,0.151,0.044,0.107,0.37,0.11,0.26,0.29,0.71
2000,EU15,FI,Wave V,Finland,,Gross,0.468,0.325,0.252,0.216,0.143,0.074,0.46,0.3,0.16,0.66,0.34,2000,FI,Wave V,Finland 2000,Gross,0.407,0.332,0.25,0.157,0.076,0.082,0.39,0.19,0.2,0.48,0.52
1995,EU15,FI,Wave IV,Finland,,Gross,0.475,0.271,0.216,0.259,0.204,0.055,0.54,0.43,0.11,0.79,0.21,1995,FI,Wave IV,Finland 1995,Gross,0.43,0.273,0.222,0.207,0.157,0.051,0.48,0.37,0.12,0.76,0.24
1991,EU15,FI,Wave III,Finland,,Gross,0.406,0.258,0.209,0.197,0.148,0.049,0.49,0.36,0.12,0.75,0.25,1991,FI,Wave III,Finland 1991,Gross,0.36,0.253,0.208,0.152,0.107,0.045,0.42,0.3,0.12,0.71,0.29
1987,EU15,FI,Wave II,Finland,,Gross,0.388,0.259,0.207,0.181,0.128,0.053,0.47,0.33,0.14,0.71,0.29,1987,FI,Wave II,Finland 1987,Gross,0.342,0.251,0.203,0.139,0.092,0.047,0.41,0.27,0.14,0.66,0.34
2010,EU15,FR,Wave VIII,France,,Mix,0.494,0.307,0.289,0.204,0.186,0.018,0.41,0.38,0.04,0.91,0.09,2010,FR,Wave VIII,France 2010,Mix,0.437,0.312,0.294,0.143,0.125,0.018,0.33,0.29,0.04,0.87,0.13
2005,EU15,FR,Wave VI,France,,Mix,0.478,0.295,0.28,0.198,0.183,0.015,0.41,0.38,0.03,0.92,0.08,2005,FR,Wave VI,France 2005,Mix,0.41,0.291,0.275,0.135,0.119,0.016,0.33,0.29,0.04,0.88,0.12
2000,EU15,FR,Wave V,France,,Mix,0.483,0.3,0.278,0.205,0.183,0.022,0.42,0.38,0.05,0.89,0.11,2000,FR,Wave V,France 2000,Mix,0.419,0.302,0.279,0.14,0.116,0.023,0.33,0.28,0.06,0.83,0.17
1994,EU15,FR,Wave IV,France,,Mix,0.486,0.306,0.288,0.197,0.179,0.018,0.41,0.37,0.04,0.91,0.09,1994,FR,Wave IV,France 1994,Mix,0.43,0.31,0.292,0.138,0.12,0.018,0.32,0.28,0.04,0.87,0.13
1989,EU15,FR,Wave III,France,,Mix,0.478,0.309,0.287,0.191,0.169,0.022,0.4,0.35,0.05,0.88,0.12,1989,FR,Wave III,France 1989,Mix,0.425,0.308,0.285,0.14,0.116,0.024,0.33,0.27,0.06,0.83,0.17
1984,EU15,FR,Wave II,France,,Mix,0.496,0.351,0.338,0.158,0.145,0.013,0.32,0.29,0.03,0.92,0.08,1984,FR,Wave II,France 1984,Mix,0.459,0.354,0.341,0.117,0.105,0.012,0.26,0.23,0.03,0.9,0.1
1978,EU15,FR,Wave I,France,,Mix,0.611,0.553,0.312,0.299,0.058,0.241,0.49,0.09,0.39,0.19,0.81,1978,FR,Wave I,France 1978,Mix,0.563,0.542,0.307,0.256,0.021,0.234,0.45,0.04,0.42,0.08,0.92
2013,Europe - other,GE,Wave IX,Georgia,,Net,0.481,0.394,0.394,0.086,0.086,,0.18,0.18,0,1,,2013,GE,Wave IX,Georgia 2013,Net,0.467,0.403,0.403,0.064,0.064,,0.14,0.14,0,1,
2010,Europe - other,GE,Wave VIII,Georgia,,Net,0.526,0.437,0.437,0.089,0.089,,0.17,0.17,0,1,,2010,GE,Wave VIII,Georgia 2010,Net,0.508,0.447,0.447,0.06,0.06,,0.12,0.12,0,1,
2013,EU15,DE,Wave IX,Germany,,Gross,0.52,0.344,0.291,0.229,0.176,0.053,0.44,0.34,0.1,0.77,0.23,2013,DE,Wave IX,Germany 2013,Gross,0.419,0.343,0.296,0.123,0.076,0.047,0.29,0.18,0.11,0.62,0.38
2010,EU15,DE,Wave VIII,Germany,,Gross,0.514,0.338,0.285,0.229,0.176,0.053,0.45,0.34,0.1,0.77,0.23,2010,DE,Wave VIII,Germany 2010,Gross,0.415,0.333,0.285,0.13,0.082,0.048,0.31,0.2,0.12,0.63,0.37
2007,EU15,DE,Wave VII,Germany,,Gross,0.512,0.343,0.289,0.223,0.169,0.054,0.44,0.33,0.11,0.76,0.24,2007,DE,Wave VII,Germany 2007,Gross,0.419,0.34,0.292,0.128,0.08,0.048,0.3,0.19,0.11,0.62,0.38
2004,EU15,DE,Wave VI,Germany,,Gross,0.498,0.331,0.278,0.22,0.167,0.052,0.44,0.34,0.11,0.76,0.24,2004,DE,Wave VI,Germany 2004,Gross,0.41,0.328,0.279,0.131,0.082,0.049,0.32,0.2,0.12,0.63,0.37
2000,EU15,DE,Wave V,Germany,,Gross,0.473,0.318,0.266,0.207,0.154,0.053,0.44,0.33,0.11,0.75,0.25,2000,DE,Wave V,Germany 2000,Gross,0.395,0.313,0.264,0.131,0.083,0.048,0.33,0.21,0.12,0.63,0.37
1994,EU15,DE,Wave IV,Germany,,Gross,0.458,0.314,0.27,0.188,0.144,0.045,0.41,0.31,0.1,0.76,0.24,1994,DE,Wave IV,Germany 1994,Gross,0.377,0.307,0.267,0.109,0.07,0.039,0.29,0.19,0.1,0.64,0.36
1989,EU15,DE,Wave III,Germany,,Gross,0.438,0.305,0.258,0.18,0.133,0.047,0.41,0.3,0.11,0.74,0.26,1989,DE,Wave III,Germany 1989,Gross,0.345,0.287,0.249,0.097,0.058,0.039,0.28,0.17,0.11,0.6,0.4
1984,EU15,DE,Wave II,Germany,,Gross,0.442,0.307,0.265,0.177,0.135,0.042,0.4,0.3,0.1,0.76,0.24,1984,DE,Wave II,Germany 1984,Gross,0.361,0.291,0.254,0.107,0.07,0.037,0.3,0.19,0.1,0.65,0.35
1983,EU15,DE,Wave II,Germany,,Gross,0.415,0.284,0.26,0.154,0.13,0.024,0.37,0.31,0.06,0.84,0.16,1983,DE,Wave II,Germany 1983,Gross,0.361,0.274,0.255,0.106,0.086,0.02,0.29,0.24,0.06,0.81,0.19
1981,EU15,DE,Wave I,Germany,,Gross,0.405,0.273,0.244,0.161,0.131,0.029,0.4,0.32,0.07,0.82,0.18,1981,DE,Wave I,Germany 1981,Gross,0.329,0.261,0.236,0.093,0.069,0.024,0.28,0.21,0.07,0.74,0.26
1978,EU15,DE,Historical wave,Germany,,Gross,0.415,0.289,0.263,0.152,0.125,0.027,0.37,0.3,0.06,0.82,0.18,1978,DE,Historical wave,Germany 1978,Gross,0.35,0.275,0.253,0.096,0.075,0.021,0.27,0.21,0.06,0.78,0.22
1973,EU15,DE,Historical wave,Germany,,Gross,0.377,0.287,0.271,0.106,0.09,0.016,0.28,0.24,0.04,0.85,0.15,1973,DE,Historical wave,Germany 1973,Gross,0.333,0.278,0.265,0.068,0.056,0.012,0.2,0.17,0.04,0.82,0.18
2013,EU15,GR,Wave IX,Greece,,Gross,0.567,0.41,0.332,0.235,0.157,0.078,0.41,0.28,0.14,0.67,0.33,2013,GR,Wave IX,Greece 2013,Gross,0.504,0.416,0.341,0.163,0.089,0.074,0.32,0.18,0.15,0.54,0.46
2010,EU15,GR,Wave VIII,Greece,,Gross,0.564,0.445,0.324,0.24,0.119,0.121,0.43,0.21,0.21,0.5,0.5,2010,GR,Wave VIII,Greece 2010,Gross,0.508,0.45,0.329,0.179,0.058,0.121,0.35,0.11,0.24,0.32,0.68
2007,EU15,GR,Wave VII,Greece,,Gross,0.515,0.409,0.32,0.195,0.106,0.089,0.38,0.21,0.17,0.54,0.46,2007,GR,Wave VII,Greece 2007,Gross,0.458,0.404,0.32,0.138,0.054,0.084,0.3,0.12,0.18,0.39,0.61
2004,EU15,GR,Wave VI,Greece,,Net,0.458,0.327,0.327,0.131,0.131,,0.29,0.29,0,1,,2004,GR,Wave VI,Greece 2004,Net,0.398,0.321,0.321,0.077,0.077,,0.19,0.19,0,1,
2000,EU15,GR,Wave V,Greece,,Net,0.465,0.333,0.333,0.132,0.132,,0.28,0.28,0,1,,2000,GR,Wave V,Greece 2000,Net,0.406,0.325,0.325,0.081,0.081,,0.2,0.2,0,1,
1995,EU15,GR,Wave IV,Greece,,Net,0.462,0.349,0.349,0.113,0.113,,0.24,0.24,0,1,,1995,GR,Wave IV,Greece 1995,Net,0.407,0.338,0.338,0.068,0.068,,0.17,0.17,0,1,
2014,Latin America,GT,Wave IX,Guatemala,,Gross,0.427,0.424,0.394,0.034,0.004,0.03,0.08,0.01,0.07,0.11,0.89,2014,GT,Wave IX,Guatemala 2014,Gross,0.43,0.429,0.398,0.032,0.001,0.03,0.07,0,0.07,0.03,0.97
2011,Latin America,GT,Wave VIII,Guatemala,,Gross,0.493,0.492,0.481,0.012,0.001,0.011,0.03,0,0.02,0.12,0.88,2011,GT,Wave VIII,Guatemala 2011,Gross,0.488,0.486,0.476,0.012,0.001,0.011,0.02,0,0.02,0.1,0.9
2006,Latin America,GT,Wave VI,Guatemala,,Gross,0.49,0.485,0.472,0.018,0.006,0.013,0.04,0.01,0.03,0.31,0.69,2006,GT,Wave VI,Guatemala 2006,Gross,0.49,0.486,0.473,0.017,0.004,0.012,0.03,0.01,0.03,0.25,0.75
2012,CEE,HU,Wave IX,Hungary,,Net,0.586,0.289,0.289,0.297,0.297,,0.51,0.51,0,1,,2012,HU,Wave IX,Hungary 2012,Net,0.525,0.294,0.294,0.231,0.231,,0.44,0.44,0,1,
2009,CEE,HU,Wave VIII,Hungary,,Net,0.558,0.278,0.278,0.28,0.28,,0.5,0.5,0,1,,2009,HU,Wave VIII,Hungary 2009,Net,0.501,0.29,0.29,0.21,0.21,,0.42,0.42,0,1,
2007,CEE,HU,Wave VII,Hungary,,Net,0.543,0.274,0.274,0.268,0.268,,0.49,0.49,0,1,,2007,HU,Wave VII,Hungary 2007,Net,0.498,0.282,0.282,0.216,0.216,,0.43,0.43,0,1,
2005,CEE,HU,Wave VI,Hungary,,Net,0.53,0.289,0.289,0.241,0.241,,0.45,0.45,0,1,,2005,HU,Wave VI,Hungary 2005,Net,0.469,0.301,0.301,0.168,0.168,,0.36,0.36,0,1,
1999,CEE,HU,Wave V,Hungary,,Net,0.513,0.292,0.292,0.22,0.22,,0.43,0.43,0,1,,1999,HU,Wave V,Hungary 1999,Net,0.464,0.297,0.297,0.167,0.167,,0.36,0.36,0,1,
1994,CEE,HU,Wave IV,Hungary,,Net,0.543,0.319,0.319,0.224,0.224,,0.41,0.41,0,1,,1994,HU,Wave IV,Hungary 1994,Net,0.502,0.323,0.323,0.179,0.179,,0.36,0.36,0,1,
1991,CEE,HU,Wave III,Hungary,,Net,0.468,0.283,0.283,0.185,0.185,,0.4,0.4,0,1,,1991,HU,Wave III,Hungary 1991,Net,0.427,0.279,0.279,0.148,0.148,,0.35,0.35,0,1,
2010,Europe - other,IS,Wave VIII,Iceland,,Gross,0.393,0.287,0.245,0.149,0.106,0.043,0.38,0.27,0.11,0.71,0.29,2010,IS,Wave VIII,Iceland 2010,Gross,0.347,0.284,0.245,0.101,0.063,0.039,0.29,0.18,0.11,0.62,0.38
2007,Europe - other,IS,Wave VII,Iceland,,Gross,0.375,0.302,0.276,0.099,0.073,0.026,0.26,0.19,0.07,0.74,0.26,2007,IS,Wave VII,Iceland 2007,Gross,0.326,0.293,0.272,0.053,0.032,0.021,0.16,0.1,0.06,0.61,0.39
2004,Europe - other,IS,Wave VI,Iceland,,Gross,0.367,0.286,0.255,0.112,0.081,0.031,0.31,0.22,0.09,0.72,0.28,2004,IS,Wave VI,Iceland 2004,Gross,0.321,0.284,0.259,0.063,0.037,0.026,0.2,0.12,0.08,0.59,0.41
2011,BRICS,IN,Wave VIII,India,,Net,0.492,0.479,0.479,0.013,0.013,,0.03,0.03,0,1,,2011,IN,Wave VIII,India 2011,Net,0.491,0.477,0.477,0.014,0.014,,0.03,0.03,0,1,
2004,BRICS,IN,Wave VI,India,,Net,0.479,0.472,0.472,0.007,0.007,,0.01,0.01,0,1,,2004,IN,Wave VI,India 2004,Net,0.478,0.47,0.47,0.007,0.007,,0.02,0.02,0,1,
2010,EU15,IE,Wave VIII,Ireland,,Gross,0.564,0.366,0.294,0.27,0.199,0.071,0.48,0.35,0.13,0.74,0.26,2010,IE,Wave VIII,Ireland 2010,Gross,0.517,0.363,0.294,0.224,0.154,0.069,0.43,0.3,0.13,0.69,0.31
2007,EU15,IE,Wave VII,Ireland,,Gross,0.501,0.348,0.297,0.204,0.153,0.051,0.41,0.31,0.1,0.75,0.25,2007,IE,Wave VII,Ireland 2007,Gross,0.453,0.338,0.288,0.165,0.115,0.05,0.36,0.25,0.11,0.7,0.3
2004,EU15,IE,Wave VI,Ireland,,Gross,0.496,0.362,0.317,0.179,0.134,0.045,0.36,0.27,0.09,0.75,0.25,2004,IE,Wave VI,Ireland 2004,Gross,0.437,0.348,0.305,0.132,0.089,0.043,0.3,0.2,0.1,0.67,0.33
2000,EU15,IE,Wave V,Ireland,,Net,0.44,0.313,0.313,0.127,0.127,,0.29,0.29,0,1,,2000,IE,Wave V,Ireland 2000,Net,0.39,0.301,0.301,0.089,0.089,,0.23,0.23,0,1,
1996,EU15,IE,Wave IV,Ireland,,Net,0.481,0.325,0.325,0.156,0.156,,0.32,0.32,0,1,,1996,IE,Wave IV,Ireland 1996,Net,0.436,0.316,0.316,0.12,0.12,,0.28,0.28,0,1,
1995,EU15,IE,Wave IV,Ireland,,Net,0.49,0.336,0.336,0.154,0.154,,0.31,0.31,0,1,,1995,IE,Wave IV,Ireland 1995,Net,0.448,0.333,0.333,0.115,0.115,,0.26,0.26,0,1,
1994,EU15,IE,Wave IV,Ireland,,Net,0.5,0.333,0.333,0.167,0.167,,0.33,0.33,0,1,,1994,IE,Wave IV,Ireland 1994,Net,0.457,0.33,0.33,0.126,0.126,,0.28,0.28,0,1,
1987,EU15,IE,Wave II,Ireland,,Gross,0.51,0.373,0.328,0.181,0.137,0.044,0.36,0.27,0.09,0.76,0.24,1987,IE,Wave II,Ireland 1987,Gross,0.503,0.392,0.346,0.157,0.111,0.046,0.31,0.22,0.09,0.71,0.29
2012,Middle East,IL,Wave IX,Israel,,Gross,0.494,0.41,0.371,0.123,0.084,0.039,0.25,0.17,0.08,0.68,0.32,2012,IL,Wave IX,Israel 2012,Gross,0.458,0.399,0.359,0.099,0.058,0.04,0.22,0.13,0.09,0.59,0.41
2010,Middle East,IL,Wave VIII,Israel,,Gross,0.506,0.417,0.377,0.129,0.089,0.04,0.25,0.18,0.08,0.69,0.31,2010,IL,Wave VIII,Israel 2010,Gross,0.468,0.407,0.366,0.102,0.062,0.041,0.22,0.13,0.09,0.6,0.4
2007,Middle East,IL,Wave VII,Israel,,Gross,0.512,0.417,0.369,0.143,0.094,0.049,0.28,0.18,0.09,0.66,0.34,2007,IL,Wave VII,Israel 2007,Gross,0.468,0.405,0.356,0.112,0.063,0.049,0.24,0.13,0.11,0.56,0.44
2005,Middle East,IL,Wave VI,Israel,,Gross,0.517,0.416,0.37,0.146,0.101,0.045,0.28,0.2,0.09,0.69,0.31,2005,IL,Wave VI,Israel 2005,Gross,0.476,0.405,0.358,0.118,0.071,0.047,0.25,0.15,0.1,0.6,0.4
2001,Middle East,IL,Wave V,Israel,,Gross,0.53,0.41,0.347,0.183,0.12,0.063,0.35,0.23,0.12,0.66,0.34,2001,IL,Wave V,Israel 2001,Gross,0.489,0.406,0.343,0.146,0.083,0.063,0.3,0.17,0.13,0.57,0.43
1997,Middle East,IL,Wave IV,Israel,,Gross,0.495,0.393,0.336,0.159,0.102,0.057,0.32,0.21,0.12,0.64,0.36,1997,IL,Wave IV,Israel 1997,Gross,0.456,0.387,0.33,0.126,0.069,0.057,0.28,0.15,0.12,0.55,0.45
1992,Middle East,IL,Wave III,Israel,,Gross,0.467,0.363,0.305,0.161,0.104,0.057,0.35,0.22,0.12,0.65,0.35,1992,IL,Wave III,Israel 1992,Gross,0.432,0.357,0.298,0.133,0.075,0.058,0.31,0.17,0.14,0.56,0.44
1986,Middle East,IL,Wave II,Israel,,Gross,0.473,0.373,0.309,0.165,0.1,0.065,0.35,0.21,0.14,0.61,0.39,1986,IL,Wave II,Israel 1986,Gross,0.44,0.366,0.302,0.137,0.073,0.064,0.31,0.17,0.15,0.53,0.47
1979,Middle East,IL,Wave I,Israel,,Gross,0.427,0.358,0.303,0.124,0.068,0.055,0.29,0.16,0.13,0.55,0.45,1979,IL,Wave I,Israel 1979,Gross,0.389,0.345,0.294,0.095,0.043,0.051,0.24,0.11,0.13,0.46,0.54
2014,EU15,IT,Wave IX,Italy,,Net,0.488,0.319,0.319,0.169,0.169,,0.35,0.35,0,1,,2014,IT,Wave IX,Italy 2014,Net,0.4,0.32,0.32,0.08,0.08,,0.2,0.2,0,1,
2010,EU15,IT,Wave VIII,Italy,,Net,0.482,0.32,0.32,0.162,0.162,,0.34,0.34,0,1,,2010,IT,Wave VIII,Italy 2010,Net,0.399,0.319,0.319,0.08,0.08,,0.2,0.2,0,1,
2008,EU15,IT,Wave VII,Italy,,Net,0.47,0.319,0.319,0.151,0.151,,0.32,0.32,0,1,,2008,IT,Wave VII,Italy 2008,Net,0.392,0.316,0.316,0.076,0.076,,0.19,0.19,0,1,
2004,EU15,IT,Wave VI,Italy,,Net,0.486,0.329,0.329,0.158,0.158,,0.32,0.32,0,1,,2004,IT,Wave VI,Italy 2004,Net,0.414,0.326,0.326,0.088,0.088,,0.21,0.21,0,1,
2000,EU15,IT,Wave V,Italy,,Net,0.467,0.328,0.328,0.14,0.14,,0.3,0.3,0,1,,2000,IT,Wave V,Italy 2000,Net,0.407,0.323,0.323,0.084,0.084,,0.21,0.21,0,1,
1998,EU15,IT,Wave V,Italy,,Net,0.474,0.34,0.34,0.134,0.134,,0.28,0.28,0,1,,1998,IT,Wave V,Italy 1998,Net,0.421,0.338,0.338,0.084,0.084,,0.2,0.2,0,1,
1995,EU15,IT,Wave IV,Italy,,Net,0.47,0.336,0.336,0.134,0.134,,0.29,0.29,0,1,,1995,IT,Wave IV,Italy 1995,Net,0.423,0.336,0.336,0.088,0.088,,0.21,0.21,0,1,
1993,EU15,IT,Wave IV,Italy,,Net,0.472,0.339,0.339,0.132,0.132,,0.28,0.28,0,1,,1993,IT,Wave IV,Italy 1993,Net,0.419,0.336,0.336,0.082,0.082,,0.2,0.2,0,1,
1991,EU15,IT,Wave III,Italy,,Net,0.415,0.291,0.291,0.124,0.124,,0.3,0.3,0,1,,1991,IT,Wave III,Italy 1991,Net,0.364,0.286,0.286,0.078,0.078,,0.22,0.22,0,1,
1989,EU15,IT,Wave III,Italy,,Net,0.428,0.304,0.304,0.124,0.124,,0.29,0.29,0,1,,1989,IT,Wave III,Italy 1989,Net,0.382,0.299,0.299,0.083,0.083,,0.22,0.22,0,1,
1987,EU15,IT,Wave II,Italy,,Net,0.452,0.332,0.332,0.12,0.12,,0.27,0.27,0,1,,1987,IT,Wave II,Italy 1987,Net,0.411,0.334,0.334,0.077,0.077,,0.19,0.19,0,1,
1986,EU15,IT,Wave II,Italy,,Net,0.424,0.306,0.306,0.118,0.118,,0.28,0.28,0,1,,1986,IT,Wave II,Italy 1986,Net,0.392,0.307,0.307,0.085,0.085,,0.22,0.22,0,1,
2008,South-East Asia,JP,Wave VII,Japan,,Gross,0.382,0.321,0.302,0.08,0.061,0.019,0.21,0.16,0.05,0.76,0.24,2008,JP,Wave VII,Japan 2008,Gross,0.351,0.323,0.303,0.048,0.028,0.02,0.14,0.08,0.06,0.59,0.41
2013,EU15,LU,Wave IX,Luxembourg,,Gross,0.475,0.317,0.283,0.192,0.158,0.034,0.4,0.33,0.07,0.82,0.18,2013,LU,Wave IX,Luxembourg 2013,Gross,0.416,0.316,0.283,0.133,0.101,0.033,0.32,0.24,0.08,0.75,0.25
2010,EU15,LU,Wave VIII,Luxembourg,,Gross,0.462,0.304,0.271,0.191,0.157,0.034,0.41,0.34,0.07,0.82,0.18,2010,LU,Wave VIII,Luxembourg 2010,Gross,0.41,0.306,0.273,0.138,0.105,0.033,0.34,0.26,0.08,0.76,0.24
2007,EU15,LU,Wave VIII,Luxembourg,,Gross,0.456,0.309,0.276,0.18,0.146,0.033,0.39,0.32,0.07,0.81,0.19,2007,LU,Wave VIII,Luxembourg 2007,Gross,0.396,0.31,0.28,0.116,0.086,0.03,0.29,0.22,0.08,0.74,0.26
2004,EU15,LU,Wave VI,Luxembourg,,Gross,0.454,0.307,0.269,0.184,0.147,0.037,0.41,0.32,0.08,0.8,0.2,2004,LU,Wave VI,Luxembourg 2004,Gross,0.401,0.306,0.269,0.132,0.095,0.037,0.33,0.24,0.09,0.72,0.28
2000,EU15,LU,Wave V,Luxembourg,,Net,0.428,0.262,0.262,0.166,0.166,,0.39,0.39,0,1,,2000,LU,Wave V,Luxembourg 2000,Net,0.374,0.265,0.265,0.109,0.109,,0.29,0.29,0,1,
1997,EU15,LU,Wave IV,Luxembourg,,Net,0.432,0.261,0.261,0.171,0.171,,0.4,0.4,0,1,,1997,LU,Wave IV,Luxembourg 1997,Net,0.375,0.26,0.26,0.116,0.116,,0.31,0.31,0,1,
1994,EU15,LU,Wave IV,Luxembourg,,Net,0.388,0.235,0.235,0.153,0.153,,0.39,0.39,0,1,,1994,LU,Wave IV,Luxembourg 1994,Net,0.343,0.233,0.233,0.11,0.11,,0.32,0.32,0,1,
1991,EU15,LU,Wave III,Luxembourg,,Net,0.372,0.239,0.239,0.134,0.134,,0.36,0.36,0,1,,1991,LU,Wave III,Luxembourg 1991,Net,0.332,0.231,0.231,0.101,0.101,,0.3,0.3,0,1,
1985,EU15,LU,Wave II,Luxembourg,,Net,0.375,0.236,0.236,0.139,0.139,,0.37,0.37,0,1,,1985,LU,Wave II,Luxembourg 1985,Net,0.33,0.23,0.23,0.1,0.1,,0.3,0.3,0,1,
2012,Latin America,MX,Wave IX,Mexico,,Net,0.486,0.459,0.459,0.027,0.027,,0.06,0.06,0,1,,2012,MX,Wave IX,Mexico 2012,Net,0.478,0.458,0.458,0.02,0.02,,0.04,0.04,0,1,
2010,Latin America,MX,Wave VIII,Mexico,,Net,0.487,0.455,0.455,0.031,0.031,,0.06,0.06,0,1,,2010,MX,Wave VIII,Mexico 2010,Net,0.477,0.453,0.453,0.024,0.024,,0.05,0.05,0,1,
2008,Latin America,MX,Wave VII,Mexico,,Net,0.497,0.469,0.469,0.028,0.028,,0.06,0.06,0,1,,2008,MX,Wave VII,Mexico 2008,Net,0.485,0.465,0.465,0.02,0.02,,0.04,0.04,0,1,
2004,Latin America,MX,Wave VI,Mexico,,Net,0.473,0.457,0.457,0.016,0.016,,0.03,0.03,0,1,,2004,MX,Wave VI,Mexico 2004,Net,0.468,0.455,0.455,0.013,0.013,,0.03,0.03,0,1,
2002,Latin America,MX,Wave V,Mexico,,Net,0.484,0.468,0.468,0.016,0.016,,0.03,0.03,0,1,,2002,MX,Wave V,Mexico 2002,Net,0.481,0.468,0.468,0.013,0.013,,0.03,0.03,0,1,
2000,Latin America,MX,Wave V,Mexico,,Net,0.491,0.486,0.486,0.006,0.006,,0.01,0.01,0,1,,2000,MX,Wave V,Mexico 2000,Net,0.488,0.484,0.484,0.004,0.004,,0.01,0.01,0,1,
1998,Latin America,MX,Wave V,Mexico,,Net,0.494,0.486,0.486,0.007,0.007,,0.01,0.01,0,1,,1998,MX,Wave V,Mexico 1998,Net,0.488,0.481,0.481,0.007,0.007,,0.01,0.01,0,1,
1996,Latin America,MX,Wave IV,Mexico,,Net,0.478,0.47,0.47,0.009,0.009,,0.02,0.02,0,1,,1996,MX,Wave IV,Mexico 1996,Net,0.478,0.47,0.47,0.008,0.008,,0.02,0.02,0,1,
1994,Latin America,MX,Wave IV,Mexico,,Net,0.495,0.485,0.485,0.011,0.011,,0.02,0.02,0,1,,1994,MX,Wave IV,Mexico 1994,Net,0.497,0.487,0.487,0.01,0.01,,0.02,0.02,0,1,
1992,Latin America,MX,Wave III,Mexico,,Net,0.483,0.475,0.475,0.008,0.008,,0.02,0.02,0,1,,1992,MX,Wave III,Mexico 1992,Net,0.484,0.476,0.476,0.008,0.008,,0.02,0.02,0,1,
1989,Latin America,MX,Wave III,Mexico,,Net,0.457,0.452,0.452,0.005,0.005,,0.01,0.01,0,1,,1989,MX,Wave III,Mexico 1989,Net,0.466,0.462,0.462,0.004,0.004,,0.01,0.01,0,1,
1984,Latin America,MX,Wave II,Mexico,,Net,0.431,0.43,0.43,0.001,0.001,,0,0,0,1,,1984,MX,Wave II,Mexico 1984,Net,0.431,0.429,0.429,0.002,0.002,,0.01,0.01,0,1,
2013,EU15,NL,Wave VIII,Netherlands,,Gross,0.475,0.323,0.264,0.212,0.152,0.06,0.45,0.32,0.13,0.72,0.28,2013,NL,Wave VIII,Netherlands 2013,Gross,0.407,0.329,0.272,0.134,0.078,0.057,0.33,0.19,0.14,0.58,0.42
2010,EU15,NL,Wave VIII,Netherlands,,Gross,0.461,0.318,0.257,0.205,0.143,0.061,0.44,0.31,0.13,0.7,0.3,2010,NL,Wave VIII,Netherlands 2010,Gross,0.396,0.317,0.258,0.138,0.079,0.059,0.35,0.2,0.15,0.57,0.43
2007,EU15,NL,Wave VII,Netherlands,,Gross,0.468,0.331,0.274,0.194,0.137,0.057,0.41,0.29,0.12,0.71,0.29,2007,NL,Wave VII,Netherlands 2007,Gross,0.408,0.326,0.276,0.132,0.082,0.05,0.32,0.2,0.12,0.62,0.38
2004,EU15,NL,Wave VI,Netherlands,,Gross,0.461,0.309,0.266,0.195,0.151,0.044,0.42,0.33,0.09,0.78,0.22,2004,NL,Wave VI,Netherlands 2004,Gross,0.399,0.299,0.265,0.134,0.101,0.033,0.34,0.25,0.08,0.75,0.25
1999,EU15,NL,Wave V,Netherlands,,Gross,0.426,0.274,0.231,0.196,0.152,0.043,0.46,0.36,0.1,0.78,0.22,1999,NL,Wave V,Netherlands 1999,Gross,0.359,0.267,0.23,0.129,0.092,0.037,0.36,0.26,0.1,0.71,0.29
1993,EU15,NL,Wave IV,Netherlands,,Gross,0.46,0.3,0.257,0.203,0.161,0.042,0.44,0.35,0.09,0.79,0.21,1993,NL,Wave IV,Netherlands 1993,Gross,0.419,0.295,0.259,0.16,0.123,0.036,0.38,0.29,0.09,0.77,0.23
1990,EU15,NL,Wave III,Netherlands,,Gross,0.451,0.287,0.266,0.185,0.164,0.022,0.41,0.36,0.05,0.88,0.12,1990,NL,Wave III,Netherlands 1990,Gross,0.398,0.279,0.262,0.136,0.119,0.017,0.34,0.3,0.04,0.88,0.12
1987,EU15,NL,Wave II,Netherlands,,Gross,0.475,0.287,0.236,0.24,0.188,0.052,0.5,0.4,0.11,0.78,0.22,1987,NL,Wave II,Netherlands 1987,Gross,0.43,0.284,0.243,0.187,0.146,0.041,0.43,0.34,0.09,0.78,0.22
1983,EU15,NL,Wave II,Netherlands,,Gross,0.483,0.296,0.252,0.231,0.188,0.044,0.48,0.39,0.09,0.81,0.19,1983,NL,Wave II,Netherlands 1983,Gross,0.442,0.287,0.249,0.193,0.156,0.038,0.44,0.35,0.09,0.81,0.19
2013,Europe - other,NO,Wave IX,Norway,,Gross,0.446,0.293,0.248,0.198,0.154,0.044,0.44,0.34,0.1,0.78,0.22,2013,NO,Wave IX,Norway 2013,Gross,0.391,0.298,0.258,0.133,0.092,0.04,0.34,0.24,0.1,0.7,0.3
2010,Europe - other,NO,Wave VIII,Norway,,Gross,0.447,0.287,0.243,0.204,0.16,0.044,0.46,0.36,0.1,0.78,0.22,2010,NO,Wave VIII,Norway 2010,Gross,0.394,0.292,0.252,0.142,0.102,0.04,0.36,0.26,0.1,0.72,0.28
2007,Europe - other,NO,Wave VII,Norway,,Gross,0.439,0.286,0.244,0.195,0.153,0.042,0.44,0.35,0.1,0.78,0.22,2007,NO,Wave VII,Norway 2007,Gross,0.384,0.288,0.249,0.135,0.096,0.039,0.35,0.25,0.1,0.71,0.29
2004,Europe - other,NO,Wave VI,Norway,,Gross,0.456,0.293,0.256,0.201,0.164,0.037,0.44,0.36,0.08,0.82,0.18,2004,NO,Wave VI,Norway 2004,Gross,0.396,0.291,0.259,0.138,0.105,0.032,0.35,0.27,0.08,0.76,0.24
2000,Europe - other,NO,Wave V,Norway,,Gross,0.428,0.291,0.25,0.178,0.138,0.04,0.42,0.32,0.09,0.77,0.23,2000,NO,Wave V,Norway 2000,Gross,0.361,0.284,0.25,0.111,0.077,0.034,0.31,0.21,0.09,0.7,0.3
1995,Europe - other,NO,Wave IV,Norway,,Gross,0.422,0.279,0.239,0.183,0.143,0.04,0.43,0.34,0.1,0.78,0.22,1995,NO,Wave IV,Norway 1995,Gross,0.348,0.267,0.234,0.114,0.081,0.033,0.33,0.23,0.09,0.71,0.29
1991,Europe - other,NO,Wave III,Norway,,Gross,0.392,0.271,0.231,0.16,0.121,0.04,0.41,0.31,0.1,0.75,0.25,1991,NO,Wave III,Norway 1991,Gross,0.324,0.257,0.223,0.101,0.067,0.034,0.31,0.21,0.1,0.67,0.33
1986,Europe - other,NO,Wave II,Norway,,Gross,0.362,0.262,0.234,0.128,0.1,0.028,0.35,0.28,0.08,0.78,0.22,1986,NO,Wave II,Norway 1986,Gross,0.29,0.242,0.221,0.07,0.049,0.021,0.24,0.17,0.07,0.7,0.3
1979,Europe - other,NO,Wave I,Norway,,Gross,0.372,0.273,0.224,0.148,0.099,0.05,0.4,0.27,0.13,0.66,0.34,1979,NO,Wave I,Norway 1979,Gross,0.303,0.257,0.216,0.088,0.046,0.042,0.29,0.15,0.14,0.52,0.48
2013,Latin America,PA,Wave IX,Panama,,Gross,0.514,0.482,0.467,0.048,0.033,0.015,0.09,0.06,0.03,0.69,0.31,2013,PA,Wave IX,Panama 2013,Gross,0.488,0.47,0.455,0.033,0.019,0.014,0.07,0.04,0.03,0.56,0.44
2010,Latin America,PA,Wave VIII,Panama,,Gross,0.512,0.482,0.471,0.041,0.03,0.011,0.08,0.06,0.02,0.73,0.27,2010,PA,Wave VIII,Panama 2010,Gross,0.489,0.471,0.46,0.029,0.018,0.011,0.06,0.04,0.02,0.61,0.39
2007,Latin America,PA,Wave VII,Panama,,Gross,0.516,0.494,0.481,0.035,0.022,0.013,0.07,0.04,0.03,0.62,0.38,2007,PA,Wave VII,Panama 2007,Gross,0.495,0.482,0.467,0.028,0.014,0.014,0.06,0.03,0.03,0.49,0.51
2013,Latin America,PY,Wave IX,Paraguay,,Net,0.472,0.463,0.463,0.008,0.008,,0.02,0.02,0,1,,2013,PY,Wave IX,Paraguay 2013,Net,0.461,0.455,0.455,0.006,0.006,,0.01,0.01,0,1,
2010,Latin America,PY,Wave VIII,Paraguay,,Net,0.471,0.469,0.469,0.002,0.002,,0,0,0,1,,2010,PY,Wave VIII,Paraguay 2010,Net,0.461,0.462,0.462,-0.001,-0.001,,0,0,0,1,
2013,Latin America,PE,Wave IX,Peru,,Gross,0.483,0.465,0.455,0.028,0.017,0.01,0.06,0.04,0.02,0.63,0.37,2013,PE,Wave IX,Peru 2013,Gross,0.46,0.449,0.438,0.022,0.011,0.011,0.05,0.02,0.02,0.52,0.48
2010,Latin America,PE,Wave VIII,Peru,,Gross,0.496,0.479,0.47,0.026,0.018,0.008,0.05,0.04,0.02,0.68,0.32,2010,PE,Wave VIII,Peru 2010,Gross,0.474,0.462,0.454,0.02,0.012,0.008,0.04,0.02,0.02,0.59,0.41
2007,Latin America,PE,Wave VII,Peru,,Gross,0.524,0.508,0.5,0.024,0.016,0.007,0.05,0.03,0.01,0.69,0.31,2007,PE,Wave VII,Peru 2007,Gross,0.505,0.493,0.486,0.019,0.012,0.007,0.04,0.02,0.01,0.62,0.38
2004,Latin America,PE,Wave VI,Peru,,Gross,0.536,0.526,0.519,0.017,0.01,0.006,0.03,0.02,0.01,0.61,0.39,2004,PE,Wave VI,Peru 2004,Gross,0.521,0.512,0.505,0.016,0.009,0.006,0.03,0.02,0.01,0.59,0.41
2013,CEE,PL,Wave IX,Poland,,Gross,0.484,0.317,0.316,0.168,0.168,0,0.35,0.35,0,1,0,2013,PL,Wave IX,Poland 2013,Gross,0.442,0.32,0.319,0.123,0.122,0.001,0.28,0.28,0,0.99,0.01
2010,CEE,PL,Wave VIII,Poland,,Gross,0.477,0.311,0.31,0.167,0.166,0.001,0.35,0.35,0,0.99,0.01,2010,PL,Wave VIII,Poland 2010,Gross,0.441,0.314,0.312,0.129,0.128,0.001,0.29,0.29,0,0.99,0.01
2007,CEE,PL,Wave VII,Poland,,Gross,0.49,0.313,0.31,0.18,0.177,0.003,0.37,0.36,0.01,0.98,0.02,2007,PL,Wave VII,Poland 2007,Gross,0.457,0.318,0.315,0.142,0.139,0.003,0.31,0.3,0.01,0.98,0.02
2004,CEE,PL,Wave VI,Poland,,Gross,0.526,0.323,0.315,0.21,0.203,0.008,0.4,0.39,0.01,0.96,0.04,2004,PL,Wave VI,Poland 2004,Gross,0.496,0.328,0.321,0.175,0.168,0.007,0.35,0.34,0.01,0.96,0.04
1999,CEE,PL,Wave V,Poland,,Gross,0.475,0.293,0.286,0.188,0.181,0.007,0.4,0.38,0.01,0.96,0.04,1999,PL,Wave V,Poland 1999,Gross,0.452,0.294,0.288,0.165,0.158,0.006,0.36,0.35,0.01,0.96,0.04
1995,CEE,PL,Wave IV,Poland,,Mix,0.534,0.325,0.318,0.217,0.21,0.007,0.41,0.39,0.01,0.97,0.03,1995,PL,Wave IV,Poland 1995,Mix,0.514,0.324,0.317,0.197,0.19,0.007,0.38,0.37,0.01,0.96,0.04
1992,CEE,PL,Wave III,Poland,,Net,0.403,0.262,0.262,0.141,0.141,,0.35,0.35,0,1,,1992,PL,Wave III,Poland 1992,Net,0.393,0.262,0.262,0.131,0.131,,0.33,0.33,0,1,
1986,CEE,PL,Wave II,Poland,,Net,0.366,0.271,0.271,0.095,0.095,,0.26,0.26,0,1,,1986,PL,Wave II,Poland 1986,Net,0.345,0.262,0.262,0.083,0.083,,0.24,0.24,0,1,
1997,CEE,RO,Wave IV,Romania,,Gross,0.375,0.296,0.28,0.095,0.079,0.016,0.25,0.21,0.04,0.84,0.16,1997,RO,Wave IV,Romania 1997,Gross,0.36,0.293,0.279,0.082,0.067,0.014,0.23,0.19,0.04,0.83,0.17
1995,CEE,RO,Wave IV,Romania,,Gross,0.376,0.298,0.279,0.097,0.078,0.02,0.26,0.21,0.05,0.8,0.2,1995,RO,Wave IV,Romania 1995,Gross,0.359,0.292,0.274,0.086,0.068,0.018,0.24,0.19,0.05,0.79,0.21
2013,BRICS,RU,Wave IX,Russia,,Net,0.457,0.331,0.331,0.126,0.126,,0.28,0.28,0,1,,2013,RU,Wave IX,Russia 2013,Net,0.409,0.33,0.33,0.079,0.079,,0.19,0.19,0,1,
2010,BRICS,RU,Wave VIII,Russia,,Net,0.45,0.338,0.338,0.112,0.112,,0.25,0.25,0,1,,2010,RU,Wave VIII,Russia 2010,Net,0.412,0.337,0.337,0.075,0.075,,0.18,0.18,0,1,
2007,BRICS,RU,Wave VII,Russia,,Net,0.446,0.35,0.35,0.096,0.096,,0.22,0.22,0,1,,2007,RU,Wave VII,Russia 2007,Net,0.401,0.343,0.343,0.057,0.057,,0.14,0.14,0,1,
2004,BRICS,RU,Wave VI,Russia,,Net,0.492,0.388,0.388,0.104,0.104,,0.21,0.21,0,1,,2004,RU,Wave VI,Russia 2004,Net,0.448,0.385,0.385,0.063,0.063,,0.14,0.14,0,1,
2000,BRICS,RU,Wave V,Russia,,Net,0.507,0.408,0.408,0.099,0.099,,0.19,0.19,0,1,,2000,RU,Wave V,Russia 2000,Net,0.477,0.41,0.41,0.067,0.067,,0.14,0.14,0,1,
2013,Europe - other,RS,Wave IX,Serbia,,Net,0.518,0.332,0.332,0.187,0.187,,0.36,0.36,0,1,,2013,RS,Wave IX,Serbia 2013,Net,0.468,0.333,0.333,0.135,0.135,,0.29,0.29,0,1,
2010,Europe - other,RS,Wave VIII,Serbia,,Net,0.513,0.324,0.324,0.189,0.189,,0.37,0.37,0,1,,2010,RS,Wave VIII,Serbia 2010,Net,0.461,0.329,0.329,0.132,0.132,,0.29,0.29,0,1,
2006,Europe - other,RS,Wave VII,Serbia,,Net,0.472,0.343,0.343,0.129,0.129,,0.27,0.27,0,1,,2006,RS,Wave VII,Serbia 2006,Net,0.427,0.338,0.338,0.09,0.09,,0.21,0.21,0,1,
2013,CEE,SK,Wave IX,Slovakia,,Gross,0.425,0.287,0.268,0.157,0.138,0.019,0.37,0.32,0.04,0.88,0.12,2013,SK,Wave IX,Slovakia 2013,Gross,0.361,0.283,0.269,0.092,0.078,0.014,0.26,0.22,0.04,0.85,0.15
2010,CEE,SK,Wave VIII,Slovakia,,Gross,0.429,0.28,0.262,0.167,0.149,0.018,0.39,0.35,0.04,0.89,0.11,2010,SK,Wave VIII,Slovakia 2010,Gross,0.37,0.275,0.261,0.109,0.095,0.014,0.29,0.26,0.04,0.87,0.13
2007,CEE,SK,Wave VII,Slovakia,,Gross,0.503,0.389,0.248,0.255,0.114,0.141,0.51,0.23,0.28,0.45,0.55,2007,SK,Wave VII,Slovakia 2007,Gross,0.441,0.371,0.242,0.199,0.069,0.129,0.45,0.16,0.29,0.35,0.65
2004,CEE,SK,Wave VI,Slovakia,,Gross,0.474,0.332,0.269,0.205,0.142,0.063,0.43,0.3,0.13,0.69,0.31,2004,SK,Wave VI,Slovakia 2004,Gross,0.423,0.328,0.267,0.156,0.095,0.061,0.37,0.22,0.14,0.61,0.39
1996,CEE,SK,Wave IV,Slovakia,,Net,0.43,0.25,0.25,0.18,0.18,,0.42,0.42,0,1,,1996,SK,Wave IV,Slovakia 1996,Net,0.389,0.251,0.251,0.138,0.138,,0.35,0.35,0,1,
1992,CEE,SK,Wave III,Slovakia,,Gross,0.401,0.216,0.189,0.212,0.186,0.027,0.53,0.46,0.07,0.88,0.12,1992,SK,Wave III,Slovakia 1992,Gross,0.366,0.215,0.191,0.176,0.151,0.024,0.48,0.41,0.07,0.86,0.14
2012,CEE,SI,Wave IX,Slovenia,,Net,0.449,0.271,0.271,0.178,0.178,,0.4,0.4,0,1,,2012,SI,Wave IX,Slovenia 2012,Net,0.395,0.276,0.276,0.119,0.119,,0.3,0.3,0,1,
2010,CEE,SI,Wave VIII,Slovenia,,Net,0.415,0.252,0.252,0.163,0.163,,0.39,0.39,0,1,,2010,SI,Wave VIII,Slovenia 2010,Net,0.357,0.249,0.249,0.108,0.108,,0.3,0.3,0,1,
2007,CEE,SI,Wave VII,Slovenia,,Net,0.395,0.23,0.23,0.165,0.165,,0.42,0.42,0,1,,2007,SI,Wave VII,Slovenia 2007,Net,0.341,0.225,0.225,0.116,0.116,,0.34,0.34,0,1,
2004,CEE,SI,Wave VI,Slovenia,,Net,0.396,0.231,0.231,0.165,0.165,,0.42,0.42,0,1,,2004,SI,Wave VI,Slovenia 2004,Net,0.346,0.226,0.226,0.12,0.12,,0.35,0.35,0,1,
1999,CEE,SI,Wave V,Slovenia,,Net,0.372,0.232,0.232,0.14,0.14,,0.38,0.38,0,1,,1999,SI,Wave V,Slovenia 1999,Net,0.34,0.229,0.229,0.11,0.11,,0.32,0.32,0,1,
1997,CEE,SI,Wave IV,Slovenia,,Net,0.366,0.229,0.229,0.137,0.137,,0.37,0.37,0,1,,1997,SI,Wave IV,Slovenia 1997,Net,0.338,0.227,0.227,0.111,0.111,,0.33,0.33,0,1,
2012,BRICS,ZA,Wave IX,South,2012,Gross,0.664,0.625,0.572,0.093,0.039,0.054,0.14,0.06,0.08,0.42,0.58,2012,ZA,Wave IX,South Africa 2012,Gross,0.636,0.621,0.571,0.065,0.015,0.05,0.1,0.02,0.08,0.23,0.77
2010,BRICS,ZA,Wave VIII,South,2010,Gross,0.665,0.639,0.585,0.08,0.025,0.054,0.12,0.04,0.08,0.32,0.68,2010,ZA,Wave VIII,South Africa 2010,Gross,0.633,0.629,0.578,0.055,0.004,0.051,0.09,0.01,0.08,0.07,0.93
2008,BRICS,ZA,Wave VII,South,2008,Gross,0.661,0.621,0.596,0.065,0.04,0.025,0.1,0.06,0.04,0.62,0.38,2008,ZA,Wave VII,South Africa 2008,Gross,0.624,0.609,0.586,0.038,0.015,0.022,0.06,0.02,0.04,0.41,0.59
2012,South-East Asia,KR,Wave IX,South,2012,Gross,0.337,0.314,0.306,0.031,0.023,0.008,0.09,0.07,0.02,0.75,0.25,2012,KR,Wave IX,South Korea 2012,Gross,0.304,0.29,0.283,0.021,0.014,0.007,0.07,0.05,0.02,0.68,0.32
2010,South-East Asia,KR,Wave VIII,South,2010,Gross,0.341,0.316,0.309,0.032,0.024,0.007,0.09,0.07,0.02,0.76,0.24,2010,KR,Wave VIII,South Korea 2010,Gross,0.317,0.301,0.294,0.022,0.016,0.007,0.07,0.05,0.02,0.7,0.3
2008,South-East Asia,KR,Wave VII,South,2008,Gross,0.344,0.323,0.314,0.03,0.021,0.009,0.09,0.06,0.03,0.7,0.3,2008,KR,Wave VII,South Korea 2008,Gross,0.321,0.307,0.299,0.023,0.014,0.008,0.07,0.05,0.03,0.63,0.37
2006,South-East Asia,KR,Wave VI,South,2006,Gross,0.33,0.313,0.305,0.025,0.017,0.008,0.07,0.05,0.02,0.69,0.31,2006,KR,Wave VI,South Korea 2006,Gross,0.312,0.3,0.294,0.018,0.011,0.007,0.06,0.04,0.02,0.62,0.38
2013,EU15,ES,Wave IX,Spain,,Gross,0.52,0.379,0.343,0.177,0.142,0.036,0.34,0.27,0.07,0.8,0.2,2013,ES,Wave IX,Spain 2013,Gross,0.471,0.383,0.349,0.122,0.088,0.034,0.26,0.19,0.07,0.72,0.28
2010,EU15,ES,Wave VIII,Spain,,Gross,0.547,0.426,0.333,0.214,0.121,0.093,0.39,0.22,0.17,0.57,0.43,2010,ES,Wave VIII,Spain 2010,Gross,0.491,0.423,0.331,0.16,0.068,0.092,0.33,0.14,0.19,0.42,0.58
2007,EU15,ES,Wave VII,Spain,,Gross,0.475,0.368,0.307,0.168,0.106,0.062,0.35,0.22,0.13,0.63,0.37,2007,ES,Wave VII,Spain 2007,Gross,0.418,0.361,0.298,0.12,0.057,0.063,0.29,0.14,0.15,0.48,0.52
2004,EU15,ES,Wave VI,Spain,,Net,0.446,0.316,0.316,0.131,0.131,,0.29,0.29,0,1,,2004,ES,Wave VI,Spain 2004,Net,0.382,0.304,0.304,0.078,0.078,,0.2,0.2,0,1,
2000,EU15,ES,Wave V,Spain,,Net,0.476,0.336,0.336,0.14,0.14,,0.29,0.29,0,1,,2000,ES,Wave V,Spain 2000,Net,0.409,0.328,0.328,0.081,0.081,,0.2,0.2,0,1,
1995,EU15,ES,Wave IV,Spain,,Net,0.503,0.353,0.353,0.15,0.15,,0.3,0.3,0,1,,1995,ES,Wave IV,Spain 1995,Net,0.451,0.351,0.351,0.1,0.1,,0.22,0.22,0,1,
1990,EU15,ES,Wave III,Spain,,Net,0.419,0.302,0.302,0.117,0.117,,0.28,0.28,0,1,,1990,ES,Wave III,Spain 1990,Net,0.382,0.299,0.299,0.083,0.083,,0.22,0.22,0,1,
1985,EU15,ES,Wave II,Spain,,Net,0.433,0.314,0.314,0.119,0.119,,0.27,0.27,0,1,,1985,ES,Wave II,Spain 1985,Net,0.409,0.314,0.314,0.094,0.094,,0.23,0.23,0,1,
1980,EU15,ES,Wave I,Spain,,Net,0.415,0.318,0.318,0.097,0.097,,0.23,0.23,0,1,,1980,ES,Wave I,Spain 1980,Net,0.39,0.315,0.315,0.075,0.075,,0.19,0.19,0,1,
2005,EU15,SE,Wave VI,Sweden,,Gross,0.466,0.274,0.237,0.229,0.192,0.037,0.49,0.41,0.08,0.84,0.16,2005,SE,Wave VI,Sweden 2005,Gross,0.391,0.272,0.235,0.156,0.119,0.037,0.4,0.3,0.1,0.76,0.24
2000,EU15,SE,Wave V,Sweden,,Gross,0.47,0.289,0.252,0.218,0.181,0.037,0.46,0.38,0.08,0.83,0.17,2000,SE,Wave V,Sweden 2000,Gross,0.392,0.285,0.254,0.138,0.108,0.031,0.35,0.27,0.08,0.78,0.22
1995,EU15,SE,Wave IV,Sweden,,Gross,0.49,0.263,0.221,0.268,0.227,0.041,0.55,0.46,0.08,0.85,0.15,1995,SE,Wave IV,Sweden 1995,Gross,0.424,0.278,0.242,0.181,0.146,0.035,0.43,0.34,0.08,0.81,0.19
1992,EU15,SE,Wave III,Sweden,,Gross,0.461,0.26,0.229,0.232,0.201,0.031,0.5,0.44,0.07,0.87,0.13,1992,SE,Wave III,Sweden 1992,Gross,0.39,0.266,0.238,0.152,0.124,0.028,0.39,0.32,0.07,0.82,0.18
1987,EU15,SE,Wave II,Sweden,,Gross,0.429,0.253,0.212,0.218,0.176,0.042,0.51,0.41,0.1,0.81,0.19,1987,SE,Wave II,Sweden 1987,Gross,0.35,0.251,0.215,0.135,0.099,0.036,0.39,0.28,0.1,0.73,0.27
1981,EU15,SE,Wave I,Sweden,,Gross,0.411,0.241,0.197,0.214,0.17,0.044,0.52,0.41,0.11,0.8,0.2,1981,SE,Wave I,Sweden 1981,Gross,0.333,0.231,0.198,0.134,0.102,0.033,0.4,0.31,0.1,0.76,0.24
1975,EU15,SE,Historical wave,Sweden,,Gross,0.4,0.274,0.215,0.185,0.126,0.058,0.46,0.32,0.15,0.68,0.32,1975,SE,Historical wave,Sweden 1975,Gross,0.331,0.26,0.212,0.119,0.071,0.048,0.36,0.21,0.15,0.6,0.4
1967,EU15,SE,Historical wave,Sweden,,Gross,0.391,0.316,0.26,0.13,0.074,0.056,0.33,0.19,0.14,0.57,0.43,1967,SE,Historical wave,Sweden 1967,Gross,0.347,0.304,0.253,0.094,0.044,0.051,0.27,0.13,0.15,0.46,0.54
2013,Europe - other,CH,Wave IX,Switzerland,,Gross,0.425,0.3,0.295,0.13,0.125,0.005,0.31,0.29,0.01,0.96,0.04,2013,CH,Wave IX,Switzerland 2013,Gross,0.346,0.289,0.285,0.061,0.057,0.004,0.18,0.16,0.01,0.94,0.06
2010,Europe - other,CH,Wave VIII,Switzerland,,Gross,0.411,0.294,0.294,0.117,0.117,-0.001,0.28,0.29,0,1,0,2010,CH,Wave VIII,Switzerland 2010,Gross,0.334,0.279,0.281,0.053,0.054,-0.001,0.16,0.16,0,1.02,-0.02
2007,Europe - other,CH,Wave VII,Switzerland,,Gross,0.41,0.307,0.311,0.099,0.103,-0.005,0.24,0.25,-0.01,1.05,-0.05,2007,CH,Wave VII,Switzerland 2007,Gross,0.335,0.293,0.298,0.037,0.042,-0.005,0.11,0.12,-0.01,1.13,-0.13
2004,Europe - other,CH,Wave VI,Switzerland,,Gross,0.394,0.265,0.268,0.127,0.129,-0.002,0.32,0.33,-0.01,1.02,-0.02,2004,CH,Wave VI,Switzerland 2004,Gross,0.324,0.256,0.26,0.064,0.068,-0.004,0.2,0.21,-0.01,1.06,-0.06
2002,Europe - other,CH,Wave V,Switzerland,,Gross,0.391,0.276,0.273,0.118,0.115,0.003,0.3,0.29,0.01,0.98,0.02,2002,CH,Wave V,Switzerland 2002,Gross,0.321,0.263,0.263,0.059,0.058,0,0.18,0.18,0,0.99,0.01
2000,Europe - other,CH,Wave V,Switzerland,,Gross,0.385,0.278,0.28,0.105,0.107,-0.002,0.27,0.28,0,1.02,-0.02,2000,CH,Wave V,Switzerland 2000,Gross,0.328,0.275,0.279,0.048,0.052,-0.004,0.15,0.16,-0.01,1.08,-0.08
1992,Europe - other,CH,Wave III,Switzerland,,Gross,0.401,0.322,0.307,0.094,0.079,0.015,0.23,0.2,0.04,0.84,0.16,1992,CH,Wave III,Switzerland 1992,Gross,0.347,0.312,0.302,0.045,0.035,0.01,0.13,0.1,0.03,0.78,0.22
1982,Europe - other,CH,Wave I,Switzerland,,Gross,0.398,0.33,0.309,0.089,0.068,0.021,0.22,0.17,0.05,0.76,0.24,1982,CH,Wave I,Switzerland 1982,Gross,0.34,0.32,0.304,0.036,0.02,0.016,0.1,0.06,0.05,0.56,0.44
2013,South-East Asia,TW,Wave IX,Taiwan,,Gross,0.333,0.304,0.308,0.025,0.029,-0.004,0.08,0.09,-0.01,1.15,-0.15,2013,TW,Wave IX,Taiwan 2013,Gross,0.308,0.29,0.296,0.012,0.018,-0.006,0.04,0.06,-0.02,1.52,-0.52
2010,South-East Asia,TW,Wave VIII,Taiwan,,Gross,0.329,0.307,0.317,0.012,0.022,-0.009,0.04,0.07,-0.03,1.75,-0.75,2010,TW,Wave VIII,Taiwan 2010,Gross,0.306,0.295,0.306,0.001,0.011,-0.011,0,0.04,-0.04,19.81,-18.81
2007,South-East Asia,TW,Wave VII,Taiwan,,Gross,0.329,0.304,0.307,0.022,0.024,-0.003,0.07,0.07,-0.01,1.11,-0.11,2007,TW,Wave VII,Taiwan 2007,Gross,0.305,0.292,0.295,0.01,0.014,-0.003,0.03,0.05,-0.01,1.33,-0.33
2005,South-East Asia,TW,Wave VI,Taiwan,,Gross,0.324,0.309,0.305,0.018,0.014,0.004,0.06,0.04,0.01,0.79,0.21,2005,TW,Wave VI,Taiwan 2005,Gross,0.302,0.299,0.296,0.006,0.003,0.003,0.02,0.01,0.01,0.49,0.51
2000,South-East Asia,TW,Wave V,Taiwan,,Gross,0.306,0.292,0.289,0.017,0.014,0.003,0.06,0.05,0.01,0.82,0.18,2000,TW,Wave V,Taiwan 2000,Gross,0.291,0.285,0.282,0.009,0.006,0.003,0.03,0.02,0.01,0.68,0.32
1997,South-East Asia,TW,Wave IV,Taiwan,,Gross,0.3,0.289,0.287,0.012,0.011,0.002,0.04,0.04,0.01,0.86,0.14,1997,TW,Wave IV,Taiwan 1997,Gross,0.287,0.283,0.282,0.005,0.004,0.001,0.02,0.01,0.01,0.73,0.27
1995,South-East Asia,TW,Wave IV,Taiwan,,Gross,0.313,,0.284,0.029,,,0.09,,,,,1995,TW,Wave IV,Taiwan 1995,Gross,0.299,,0.275,0.025,,,0.08,,,,
1991,South-East Asia,TW,Wave III,Taiwan,,Gross,0.281,0.277,0.271,0.01,0.005,0.005,0.04,0.02,0.02,0.47,0.53,1991,TW,Wave III,Taiwan 1991,Gross,0.278,0.275,0.269,0.009,0.004,0.005,0.03,0.01,0.02,0.42,0.58
1986,South-East Asia,TW,Wave II,Taiwan,,Gross,0.275,0.274,0.269,0.007,0.001,0.005,0.02,0,0.02,0.2,0.8,1986,TW,Wave II,Taiwan 1986,Gross,0.276,0.275,0.27,0.007,0.001,0.005,0.02,0,0.02,0.17,0.83
1981,South-East Asia,TW,Wave I,Taiwan,,Gross,0.272,0.271,0.267,0.005,0.001,0.004,0.02,0,0.01,0.16,0.84,1981,TW,Wave I,Taiwan 1981,Gross,0.274,0.274,0.269,0.005,0.001,0.004,0.02,0,0.02,0.14,0.86
2013,EU15,UK,Wave IX,United,2013,Gross,0.537,0.364,0.33,0.207,0.172,0.034,0.39,0.32,0.06,0.83,0.17,2013,UK,Wave IX,United Kingdom 2013,Gross,0.459,0.364,0.335,0.124,0.095,0.029,0.27,0.21,0.06,0.77,0.23
2010,EU15,UK,Wave VIII,United,2010,Gross,0.542,0.37,0.334,0.208,0.172,0.036,0.38,0.32,0.07,0.83,0.17,2010,UK,Wave VIII,United Kingdom 2010,Gross,0.471,0.37,0.34,0.131,0.101,0.03,0.28,0.21,0.06,0.77,0.23
2007,EU15,UK,Wave VII,United,2007,Gross,0.524,0.372,0.339,0.186,0.152,0.033,0.35,0.29,0.06,0.82,0.18,2007,UK,Wave VII,United Kingdom 2007,Gross,0.45,0.364,0.337,0.114,0.087,0.027,0.25,0.19,0.06,0.76,0.24
2004,EU15,UK,Wave VI,United,2004,Gross,0.527,0.367,0.344,0.183,0.159,0.023,0.35,0.3,0.04,0.87,0.13,2004,UK,Wave VI,United Kingdom 2004,Gross,0.449,0.357,0.34,0.109,0.091,0.018,0.24,0.2,0.04,0.84,0.16
1999,EU15,UK,Wave V,United,1999,Gross,0.53,0.373,0.346,0.184,0.157,0.027,0.35,0.3,0.05,0.85,0.15,1999,UK,Wave V,United Kingdom 1999,Gross,0.457,0.36,0.339,0.118,0.097,0.021,0.26,0.21,0.05,0.82,0.18
1995,EU15,UK,Wave IV,United,1995,Gross,0.538,0.38,0.344,0.194,0.158,0.035,0.36,0.29,0.07,0.82,0.18,1995,UK,Wave IV,United Kingdom 1995,Gross,0.47,0.366,0.338,0.132,0.104,0.028,0.28,0.22,0.06,0.79,0.21
1994,EU15,UK,Wave IV,United,1994,Gross,0.535,0.368,0.339,0.196,0.167,0.029,0.37,0.31,0.05,0.85,0.15,1994,UK,Wave IV,United Kingdom 1994,Gross,0.463,0.354,0.332,0.131,0.109,0.022,0.28,0.24,0.05,0.83,0.17
1991,EU15,UK,Wave III,United,1991,Gross,0.501,0.368,0.336,0.165,0.133,0.032,0.33,0.27,0.06,0.81,0.19,1991,UK,Wave III,United Kingdom 1991,Gross,0.43,0.347,0.323,0.107,0.083,0.025,0.25,0.19,0.06,0.77,0.23
1986,EU15,UK,Wave II,United,1986,Gross,0.5,0.34,0.303,0.196,0.159,0.037,0.39,0.32,0.07,0.81,0.19,1986,UK,Wave II,United Kingdom 1986,Gross,0.434,0.328,0.299,0.134,0.106,0.029,0.31,0.24,0.07,0.79,0.21
1979,EU15,UK,Wave I,United,1979,Gross,0.41,0.295,0.267,0.143,0.114,0.028,0.35,0.28,0.07,0.8,0.2,1979,UK,Wave I,United Kingdom 1979,Gross,0.341,0.273,0.253,0.088,0.068,0.02,0.26,0.2,0.06,0.77,0.23
1974,EU15,UK,Historical wave,United,1974,Gross,0.374,0.307,0.268,0.106,0.067,0.039,0.28,0.18,0.1,0.63,0.37,1974,UK,Historical wave,United Kingdom 1974,Gross,0.315,0.283,0.253,0.062,0.033,0.029,0.2,0.1,0.09,0.53,0.47
1969,EU15,UK,Historical wave,United,1969,Gross,0.36,0.295,0.267,0.093,0.066,0.028,0.26,0.18,0.08,0.7,0.3,1969,UK,Historical wave,United Kingdom 1969,Gross,0.33,0.291,0.265,0.065,0.039,0.026,0.2,0.12,0.08,0.6,0.4
2013,Anglo-Saxon,US,Wave IX,United,2013,Gross,0.509,0.418,0.377,0.132,0.091,0.041,0.26,0.18,0.08,0.69,0.31,2013,US,Wave IX,United States 2013,Gross,0.464,0.411,0.374,0.09,0.053,0.037,0.19,0.11,0.08,0.58,0.42
2010,Anglo-Saxon,US,Wave VIII,United,2010,Gross,0.507,0.411,0.367,0.14,0.096,0.044,0.28,0.19,0.09,0.68,0.32,2010,US,Wave VIII,United States 2010,Gross,0.464,0.403,0.362,0.102,0.061,0.041,0.22,0.13,0.09,0.6,0.4
2007,Anglo-Saxon,US,Wave VII,United,2007,Gross,0.483,0.409,0.371,0.111,0.074,0.038,0.23,0.15,0.08,0.66,0.34,2007,US,Wave VII,United States 2007,Gross,0.437,0.396,0.361,0.076,0.041,0.034,0.17,0.09,0.08,0.55,0.45
2004,Anglo-Saxon,US,Wave VI,United,2004,Gross,0.487,0.409,0.364,0.124,0.078,0.046,0.25,0.16,0.09,0.63,0.37,2004,US,Wave VI,United States 2004,Gross,0.441,0.398,0.355,0.086,0.044,0.042,0.2,0.1,0.1,0.51,0.49
2000,Anglo-Saxon,US,Wave V,United,2000,Gross,0.477,0.409,0.357,0.12,0.068,0.052,0.25,0.14,0.11,0.56,0.44,2000,US,Wave V,United States 2000,Gross,0.43,0.395,0.347,0.084,0.035,0.048,0.19,0.08,0.11,0.42,0.58
1997,Anglo-Saxon,US,Wave IV,United,1997,Gross,0.483,0.407,0.36,0.123,0.076,0.047,0.25,0.16,0.1,0.62,0.38,1997,US,Wave IV,United States 1997,Gross,0.434,0.394,0.351,0.083,0.04,0.043,0.19,0.09,0.1,0.49,0.51
1994,Anglo-Saxon,US,Wave IV,United,1994,Gross,0.487,0.406,0.361,0.126,0.082,0.045,0.26,0.17,0.09,0.65,0.35,1994,US,Wave IV,United States 1994,Gross,0.436,0.392,0.35,0.086,0.045,0.041,0.2,0.1,0.09,0.52,0.48
1991,Anglo-Saxon,US,Wave III,United,1991,Gross,0.467,0.388,0.346,0.121,0.079,0.042,0.26,0.17,0.09,0.65,0.35,1991,US,Wave III,United States 1991,Gross,0.417,0.373,0.334,0.083,0.044,0.039,0.2,0.11,0.09,0.53,0.47
1986,Anglo-Saxon,US,Wave II,United,1986,Gross,0.459,0.386,0.34,0.118,0.072,0.046,0.26,0.16,0.1,0.61,0.39,1986,US,Wave II,United States 1986,Gross,0.413,0.372,0.329,0.084,0.041,0.044,0.2,0.1,0.11,0.48,0.52
1979,Anglo-Saxon,US,Wave I,United,1979,Gross,0.428,0.356,0.31,0.118,0.072,0.046,0.28,0.17,0.11,0.61,0.39,1979,US,Wave I,United States 1979,Gross,0.382,0.34,0.296,0.086,0.042,0.044,0.23,0.11,0.12,0.49,0.51
1974,Anglo-Saxon,US,Historical wave,United,1974,Gross,0.412,0.352,0.316,0.096,0.06,0.036,0.23,0.15,0.09,0.62,0.38,1974,US,Historical wave,United States 1974,Gross,0.369,0.336,0.303,0.066,0.032,0.034,0.18,0.09,0.09,0.49,0.51
2013,Latin America,UY,Wave IX,Uruguay,,Net,0.466,0.372,0.372,0.094,0.094,,0.2,0.2,0,1,,2013,UY,Wave IX,Uruguay 2013,Net,0.419,0.364,0.364,0.055,0.055,,0.13,0.13,0,1,
2010,Latin America,UY,Wave VIII,Uruguay,,Net,0.498,0.405,0.405,0.093,0.093,,0.19,0.19,0,1,,2010,UY,Wave VIII,Uruguay 2010,Net,0.453,0.402,0.402,0.052,0.052,,0.11,0.11,0,1,
2007,Latin America,UY,Wave VII,Uruguay,,Net,0.521,0.423,0.423,0.099,0.099,,0.19,0.19,0,1,,2007,UY,Wave VII,Uruguay 2007,Net,0.477,0.419,0.419,0.057,0.057,,0.12,0.12,0,1,
2004,Latin America,UY,Wave VI,Uruguay,,Net,0.529,0.424,0.424,0.105,0.105,,0.2,0.2,0,1,,2004,UY,Wave VI,Uruguay 2004,Net,0.488,0.424,0.424,0.064,0.064,,0.13,0.13,0,1,
