Year,Country,Region,Wave,LIS Dataset,Gross / net,"Primary
income (a)","Gross
income (b)","Disposable
income (c)","All social
benefits","Old-age/ 
Disability/ 
Survivor",Sickness,"Family/
 Children",Education,Unemployment,Housing,"General/food/ medical
assistance",Other transfers,Residual,Income taxes,,Year,Country,Region,Wave,LIS Dataset,Gross / net,"All social
benefits","Old-age/ 
Disability/ 
Survivor",Sickness,"Family/
Children",Education,Unemployment,Housing,"General/food/ medical
assistance",Other transfers,Residual
2010,AU,Anglo-Saxon,Wave VIII,Australia 2010,Gross,0.477,0.368,0.33,12.90%,7.00%,0.00%,3.40%,0.10%,1.00%,0.20%,0.00%,1.30%,0.00%,15.50%,,2010,AU,Anglo-Saxon,Wave VIII,Australia 2010,Gross,100%,54%,0%,26%,0%,8%,2%,0%,10%,0%
2008,AU,Anglo-Saxon,Wave VII,Australia 2008,Gross,0.475,0.376,0.333,11.90%,6.60%,0.00%,3.40%,0.10%,0.70%,0.20%,0.00%,0.90%,0.00%,17.20%,,2008,AU,Anglo-Saxon,Wave VII,Australia 2008,Gross,100%,55%,0%,29%,1%,6%,2%,0%,8%,0%
2003,AU,Anglo-Saxon,Wave VI,Australia 2003,Gross,0.475,0.36,0.312,13.50%,7.60%,0.10%,3.60%,,1.40%,,0.00%,0.80%,0.00%,20.00%,,2003,AU,Anglo-Saxon,Wave VI,Australia 2003,Gross,100%,56%,0%,27%,,10%,,0%,6%,0%
2001,AU,Anglo-Saxon,Wave V,Australia 2001,Gross,0.488,0.366,0.317,14.00%,7.60%,0.00%,3.90%,,1.40%,,0.00%,1.00%,0.00%,19.00%,,2001,AU,Anglo-Saxon,Wave V,Australia 2001,Gross,100%,54%,0%,28%,,10%,,0%,7%,0%
1995,AU,Anglo-Saxon,Wave IV,Australia 1995,Gross,0.474,0.357,0.308,13.70%,7.30%,0.10%,3.10%,0.50%,1.90%,,0.00%,0.70%,0.00%,20.10%,,1995,AU,Anglo-Saxon,Wave IV,Australia 1995,Gross,100%,53%,1%,23%,4%,14%,,0%,5%,0%
1989,AU,Anglo-Saxon,Wave III,Australia 1989,Gross,0.435,0.353,0.302,9.70%,5.70%,0.20%,2.00%,0.20%,1.10%,,,0.60%,0.00%,21.60%,,1989,AU,Anglo-Saxon,Wave III,Australia 1989,Gross,100%,58%,2%,20%,2%,11%,,,6%,0%
1985,AU,Anglo-Saxon,Wave II,Australia 1985,Gross,0.434,0.346,0.292,10.70%,6.60%,0.20%,1.20%,0.10%,1.40%,,,1.30%,0.00%,22.40%,,1985,AU,Anglo-Saxon,Wave II,Australia 1985,Gross,100%,61%,2%,11%,1%,13%,,,12%,0%
1981,AU,Anglo-Saxon,Wave I,Australia 1981,Gross,0.402,0.327,0.281,9.70%,5.80%,0.20%,1.30%,0.20%,1.00%,,,1.00%,0.00%,21.60%,,1981,AU,Anglo-Saxon,Wave I,Australia 1981,Gross,100%,60%,2%,13%,3%,11%,,,11%,0%
2013,AT,EU15,Wave IX,Austria 2013,Gross,0.493,0.322,0.279,26.10%,19.80%,0.40%,3.50%,0.20%,1.70%,0.10%,0.30%,0.00%,0.00%,25.40%,,2013,AT,EU15,Wave IX,Austria 2013,Gross,100%,76%,2%,14%,1%,6%,0%,1%,0%,0%
2010,AT,EU15,Wave VIII,Austria 2010,Gross,0.491,0.325,0.279,25.70%,18.70%,0.40%,4.30%,0.20%,1.80%,0.20%,0.20%,0.00%,0.00%,24.60%,,2010,AT,EU15,Wave VIII,Austria 2010,Gross,100%,73%,2%,17%,1%,7%,1%,1%,0%,0%
2007,AT,EU15,Wave VII,Austria 2007,Gross,0.485,0.329,0.284,23.80%,17.70%,0.30%,4.00%,0.20%,1.30%,0.20%,0.10%,0.00%,0.00%,25.60%,,2007,AT,EU15,Wave VII,Austria 2007,Gross,100%,74%,1%,17%,1%,5%,1%,1%,0%,0%
2004,AT,EU15,Wave VI,Austria 2004,Gross,0.458,0.303,0.269,26.70%,20.40%,0.20%,4.30%,0.20%,1.20%,0.10%,0.10%,0.00%,0.00%,25.10%,,2004,AT,EU15,Wave VI,Austria 2004,Gross,100%,77%,1%,16%,1%,5%,0%,0%,0%,0%
2000,AT,EU15,Wave V,Austria 2000,Net,0.427,0.257,0.257,27.40%,20.10%,0.10%,5.60%,0.20%,1.00%,0.30%,0.00%,0.00%,0.00%,,,2000,AT,EU15,Wave V,Austria 2000,Net,100%,73%,0%,21%,1%,4%,1%,0%,0%,0%
1997,AT,EU15,Wave IV,Austria 1997,Net,0.427,0.266,0.266,26.90%,19.50%,0.10%,5.30%,0.20%,1.40%,0.20%,0.00%,0.10%,0.00%,,,1997,AT,EU15,Wave IV,Austria 1997,Net,100%,72%,0%,20%,1%,5%,1%,0%,0%,0%
1995,AT,EU15,Wave IV,Austria 1995,Mix,,,0.277,,,,,,,,,,,,,1995,AT,EU15,Wave IV,Austria 1995,Mix,,,,,,,,,,
1994,AT,EU15,Wave IV,Austria 1994,Net,0.439,0.28,0.28,25.40%,17.90%,0.10%,5.30%,0.30%,1.20%,0.20%,0.20%,0.10%,0.00%,,,1994,AT,EU15,Wave IV,Austria 1994,Net,100%,70%,1%,21%,1%,5%,1%,1%,0%,0%
1987,AT,EU15,Wave II,Austria 1987,Mix,,,0.227,,,,,,,,,,,,,1987,AT,EU15,Wave II,Austria 1987,Mix,,,,,,,,,,
2000,BE,EU15,Wave V,Belgium 2000,Net,0.474,0.279,0.279,24.50%,16.10%,0.40%,4.70%,0.10%,3.00%,0.00%,0.10%,0.10%,0.00%,,,2000,BE,EU15,Wave V,Belgium 2000,Net,100%,66%,2%,19%,0%,12%,0%,1%,1%,0%
1997,BE,EU15,Wave IV,Belgium 1997,Gross,0.482,0.324,0.25,21.70%,13.60%,,3.60%,0.10%,2.50%,0.00%,0.20%,1.70%,0.00%,30.30%,,1997,BE,EU15,Wave IV,Belgium 1997,Gross,100%,63%,,16%,0%,12%,0%,1%,8%,0%
1995,BE,EU15,Wave IV,Belgium 1995,Net,0.467,0.266,0.266,28.00%,17.40%,0.30%,6.00%,0.10%,3.80%,0.00%,0.10%,0.30%,0.00%,,,1995,BE,EU15,Wave IV,Belgium 1995,Net,100%,62%,1%,21%,0%,13%,0%,1%,1%,0%
1992,BE,EU15,Wave III,Belgium 1992,Gross,0.45,0.285,0.222,22.60%,14.90%,,4.40%,0.20%,2.90%,,,0.20%,0.00%,26.60%,,1992,BE,EU15,Wave III,Belgium 1992,Gross,100%,66%,,20%,1%,13%,,,1%,0%
1988,BE,EU15,Wave III,Belgium 1988,Net,0.421,0.232,0.232,27.80%,14.60%,1.60%,6.50%,,4.00%,,,1.00%,0.00%,,,1988,BE,EU15,Wave III,Belgium 1988,Net,100%,53%,6%,23%,,14%,,,4%,0%
1985,BE,EU15,Wave II,Belgium 1985,Net,0.414,0.227,0.227,26.80%,13.80%,1.60%,6.90%,,3.70%,,,0.80%,0.00%,,,1985,BE,EU15,Wave II,Belgium 1985,Net,100%,51%,6%,26%,,14%,,,3%,0%
2013,BR,BRICS,Wave IX,Brazil 2013,Gross,0.542,0.468,0.45,20.40%,18.00%,,,,0.70%,,1.40%,0.40%,0.00%,9.00%,,2013,BR,BRICS,Wave IX,Brazil 2013,Gross,100%,88%,,,,3%,,7%,2%,0%
2011,BR,BRICS,Wave VIII,Brazil 2011,Gross,0.544,0.476,0.46,20.20%,18.10%,,,,0.60%,,1.00%,0.40%,0.00%,8.60%,,2011,BR,BRICS,Wave VIII,Brazil 2011,Gross,100%,90%,,,,3%,,5%,2%,0%
2009,BR,BRICS,Wave VII,Brazil 2009,Gross,0.546,0.483,0.467,21.00%,18.80%,,,,0.90%,,0.90%,0.40%,0.00%,8.40%,,2009,BR,BRICS,Wave VII,Brazil 2009,Gross,100%,90%,,,,4%,,4%,2%,0%
2006,BR,BRICS,Wave VI,Brazil 2006,Gross,0.558,0.5,0.487,20.70%,18.70%,,,,0.60%,,0.70%,0.70%,0.00%,8.20%,,2006,BR,BRICS,Wave VI,Brazil 2006,Gross,100%,90%,,,,3%,,4%,3%,0%
2010,CA,Anglo-Saxon,Wave VIII,Canada 2010,Gross,0.481,0.356,0.317,18.20%,11.70%,,0.30%,,,,1.00%,5.10%,0.00%,18.90%,,2010,CA,Anglo-Saxon,Wave VIII,Canada 2010,Gross,100%,64%,,2%,,,,6%,28%,0%
2007,CA,Anglo-Saxon,Wave VII,Canada 2007,Gross,0.471,0.355,0.315,17.00%,9.10%,,1.60%,,,,0.90%,5.40%,0.00%,20.00%,,2007,CA,Anglo-Saxon,Wave VII,Canada 2007,Gross,100%,53%,,10%,,,,5%,32%,0%
2004,CA,Anglo-Saxon,Wave VI,Canada 2004,Gross,0.475,0.358,0.318,17.00%,9.00%,,,,,,1.00%,7.00%,0.00%,21.20%,,2004,CA,Anglo-Saxon,Wave VI,Canada 2004,Gross,100%,53%,,,,,,6%,41%,0%
2000,CA,Anglo-Saxon,Wave V,Canada 2000,Gross,0.465,0.356,0.315,15.80%,8.10%,,,,,,1.20%,6.40%,0.00%,23.70%,,2000,CA,Anglo-Saxon,Wave V,Canada 2000,Gross,100%,52%,,,,,,8%,41%,0%
1998,CA,Anglo-Saxon,Wave V,Canada 1998,Gross,0.475,0.354,0.311,17.50%,8.10%,,,,,,1.90%,7.50%,0.00%,20.20%,,1998,CA,Anglo-Saxon,Wave V,Canada 1998,Gross,100%,46%,,,,,,11%,43%,0%
1997,CA,Anglo-Saxon,Wave IV,Canada 1997,Gross,0.45,0.336,0.291,16.20%,7.30%,,,,,,1.50%,7.40%,0.00%,20.30%,,1997,CA,Anglo-Saxon,Wave IV,Canada 1997,Gross,100%,45%,,,,,,9%,46%,0%
1994,CA,Anglo-Saxon,Wave IV,Canada 1994,Gross,0.448,0.329,0.284,17.00%,6.70%,,,,,,2.10%,8.30%,0.00%,19.90%,,1994,CA,Anglo-Saxon,Wave IV,Canada 1994,Gross,100%,39%,,,,,,12%,49%,0%
1991,CA,Anglo-Saxon,Wave III,Canada 1991,Gross,0.426,0.325,0.281,15.80%,8.30%,,0.90%,,3.40%,,,3.30%,0.00%,19.80%,,1991,CA,Anglo-Saxon,Wave III,Canada 1991,Gross,100%,52%,,5%,,21%,,,21%,0%
1987,CA,Anglo-Saxon,Wave II,Canada 1987,Gross,0.407,0.32,0.283,12.80%,7.10%,,0.90%,,2.20%,,,2.50%,0.00%,19.00%,,1987,CA,Anglo-Saxon,Wave II,Canada 1987,Gross,100%,56%,,7%,,17%,,,20%,0%
1981,CA,Anglo-Saxon,Wave I,Canada 1981,Gross,0.381,0.315,0.284,10.10%,5.10%,,1.10%,,1.70%,,,2.20%,0.00%,15.30%,,1981,CA,Anglo-Saxon,Wave I,Canada 1981,Gross,100%,50%,,11%,,17%,,,21%,0%
1975,CA,Anglo-Saxon,Historical wave,Canada 1975,Gross,0.385,0.32,0.289,10.30%,4.40%,,2.30%,,2.10%,,,1.50%,0.00%,14.70%,,1975,CA,Anglo-Saxon,Historical wave,Canada 1975,Gross,100%,42%,,22%,,21%,,,15%,0%
1971,CA,Anglo-Saxon,Historical wave,Canada 1971,Gross,0.404,0.349,0.316,7.70%,3.90%,,1.40%,,0.60%,,,1.70%,0.00%,14.80%,,1971,CA,Anglo-Saxon,Historical wave,Canada 1971,Gross,100%,51%,,19%,,8%,,,22%,0%
2002,CN,BRICS,Wave V,China 2002,Mix,0.561,0.557,0.505,12.70%,11.10%,,,,0.50%,,0.10%,0.70%,0.40%,5.10%,,2002,CN,BRICS,Wave V,China 2002,Mix,100%,87%,,,,4%,,1%,5%,3%
2013,CO,Latin America,Wave IX,Colombia 2013,Mix,0.517,0.509,0.491,11.20%,8.30%,,,,,,,2.90%,0.00%,12.50%,,2013,CO,Latin America,Wave IX,Colombia 2013,Mix,100%,74%,,,,,,,26%,0%
2010,CO,Latin America,Wave VIII,Colombia 2010,Mix,0.497,0.499,0.482,11.40%,9.50%,,,,,,,1.80%,0.00%,11.40%,,2010,CO,Latin America,Wave VIII,Colombia 2010,Mix,100%,84%,,,,,,,16%,0%
2007,CO,Latin America,Wave VII,Colombia 2007,Mix,0.533,0.536,0.523,10.30%,8.60%,,,,,,,1.70%,0.00%,12.40%,,2007,CO,Latin America,Wave VII,Colombia 2007,Mix,100%,84%,,,,,,,16%,0%
2004,CO,Latin America,Wave VI,Colombia 2004,Gross,0.506,0.508,0.506,8.20%,8.20%,,,,,,,0.00%,0.00%,4.90%,,2004,CO,Latin America,Wave VI,Colombia 2004,Gross,100%,100%,,,,,,,0%,0%
2013,CZ,CEE,Wave IX,Czech Republic 2013,Gross,0.457,0.293,0.258,20.50%,16.40%,,1.70%,,0.40%,0.40%,0.40%,1.30%,0.00%,13.80%,,2013,CZ,CEE,Wave IX,Czech Republic 2013,Gross,100%,80%,,8%,,2%,2%,2%,6%,0%
2010,CZ,CEE,Wave VIII,Czech Republic 2010,Gross,0.447,0.291,0.256,20.80%,16.10%,,2.20%,,0.50%,0.20%,0.10%,1.70%,0.00%,13.80%,,2010,CZ,CEE,Wave VIII,Czech Republic 2010,Gross,100%,77%,,11%,,3%,1%,1%,8%,0%
2007,CZ,CEE,Wave VII,Czech Republic 2007,Gross,0.446,0.293,0.251,20.00%,14.60%,,3.20%,,0.30%,0.10%,0.20%,1.60%,0.00%,17.00%,,2007,CZ,CEE,Wave VII,Czech Republic 2007,Gross,100%,73%,,16%,,2%,0%,1%,8%,0%
2004,CZ,CEE,Wave VI,Czech Republic 2004,Gross,0.466,0.304,0.266,20.70%,15.10%,,2.80%,,0.60%,0.20%,0.60%,1.40%,0.00%,17.40%,,2004,CZ,CEE,Wave VI,Czech Republic 2004,Gross,100%,73%,,13%,,3%,1%,3%,7%,0%
2002,CZ,CEE,Wave V,Czech Republic 2002,Gross,0.464,0.296,0.255,20.90%,14.90%,,2.80%,,0.70%,0.20%,1.10%,1.20%,0.00%,16.30%,,2002,CZ,CEE,Wave V,Czech Republic 2002,Gross,100%,71%,,13%,,3%,1%,5%,6%,0%
1996,CZ,CEE,Wave IV,Czech Republic 1996,Gross,0.431,0.293,0.256,17.00%,11.70%,,1.90%,,0.30%,0.10%,0.60%,2.40%,0.00%,17.50%,,1996,CZ,CEE,Wave IV,Czech Republic 1996,Gross,100%,69%,,11%,,2%,0%,3%,14%,0%
1992,CZ,CEE,Wave III,Czech Republic 1992,Gross,0.4,0.232,0.205,24.10%,14.50%,,3.20%,,0.30%,,,6.10%,0.00%,13.40%,,1992,CZ,CEE,Wave III,Czech Republic 1992,Gross,100%,60%,,13%,,1%,,,25%,0%
2013,DK,EU15,Wave IX,Denmark 2013,Gross,0.476,0.291,0.249,23.60%,15.50%,,1.50%,1.30%,1.60%,0.80%,1.90%,0.90%,0.00%,32.10%,,2013,DK,EU15,Wave IX,Denmark 2013,Gross,100%,66%,,6%,6%,7%,3%,8%,4%,0%
2010,DK,EU15,Wave VIII,Denmark 2010,Gross,0.465,0.289,0.248,22.40%,14.70%,,1.60%,1.00%,1.80%,0.70%,1.50%,1.00%,0.00%,31.80%,,2010,DK,EU15,Wave VIII,Denmark 2010,Gross,100%,65%,,7%,5%,8%,3%,7%,5%,0%
2007,DK,EU15,Wave VII,Denmark 2007,Gross,0.438,0.285,0.238,20.00%,13.10%,,1.70%,0.80%,1.20%,0.70%,1.40%,1.10%,0.00%,33.50%,,2007,DK,EU15,Wave VII,Denmark 2007,Gross,100%,66%,,8%,4%,6%,4%,7%,5%,0%
2004,DK,EU15,Wave VI,Denmark 2004,Gross,0.447,0.271,0.228,22.60%,13.20%,0.90%,2.40%,0.80%,2.50%,0.80%,1.60%,0.30%,0.00%,32.60%,,2004,DK,EU15,Wave VI,Denmark 2004,Gross,100%,59%,4%,10%,4%,11%,4%,7%,1%,0%
2000,DK,EU15,Wave V,Denmark 2000,Gross,0.438,0.272,0.225,21.20%,12.50%,0.90%,2.10%,0.80%,2.50%,0.70%,1.60%,0.10%,0.00%,34.10%,,2000,DK,EU15,Wave V,Denmark 2000,Gross,100%,59%,4%,10%,4%,12%,3%,8%,0%,0%
1995,DK,EU15,Wave IV,Denmark 1995,Gross,0.444,0.261,0.218,24.30%,12.80%,1.10%,2.30%,0.60%,4.90%,0.80%,1.70%,0.10%,0.00%,34.10%,,1995,DK,EU15,Wave IV,Denmark 1995,Gross,100%,53%,4%,9%,3%,20%,3%,7%,0%,0%
1992,DK,EU15,Wave III,Denmark 1992,Gross,0.447,0.286,0.238,22.70%,1.70%,1.10%,1.60%,,5.00%,,,13.30%,0.00%,33.40%,,1992,DK,EU15,Wave III,Denmark 1992,Gross,100%,8%,5%,7%,,22%,,,59%,0%
1987,DK,EU15,Wave II,Denmark 1987,Gross,0.416,0.283,0.255,20.50%,1.00%,1.00%,1.50%,,3.30%,,,13.70%,0.00%,31.50%,,1987,DK,EU15,Wave II,Denmark 1987,Gross,100%,5%,5%,7%,,16%,,,67%,0%
2007,DO,Latin America,Wave VII,Dominican Rep. 2007,Gross,0.498,0.494,0.49,2.80%,2.40%,,,,,,,0.30%,0.00%,2.40%,,2007,DO,Latin America,Wave VII,Dominican Rep. 2007,Gross,100%,88%,,,,,,,12%,0%
2012,EG,Middle East,Wave IX,Egypt 2012,Net,0.492,0.464,0.464,9.70%,9.20%,,,,,,,0.50%,0.00%,,,2012,EG,Middle East,Wave IX,Egypt 2012,Net,100%,95%,,,,,,,5%,0%
2013,EE,CEE,Wave IX,Estonia 2013,Gross,0.54,0.429,0.352,19.10%,13.50%,0.70%,3.90%,0.10%,0.50%,,0.10%,0.00%,0.30%,15.00%,,2013,EE,CEE,Wave IX,Estonia 2013,Gross,100%,70%,3%,20%,1%,3%,,0%,0%,2%
2010,EE,CEE,Wave VIII,Estonia 2010,Gross,0.516,0.394,0.319,21.00%,14.30%,0.50%,5.00%,0.20%,0.70%,,0.10%,0.00%,0.20%,15.50%,,2010,EE,CEE,Wave VIII,Estonia 2010,Gross,100%,68%,2%,24%,1%,3%,,1%,0%,1%
2007,EE,CEE,Wave VII,Estonia 2007,Gross,0.493,0.4,0.312,15.40%,11.10%,0.40%,3.50%,0.10%,0.10%,,0.10%,0.00%,0.20%,15.90%,,2007,EE,CEE,Wave VII,Estonia 2007,Gross,100%,72%,3%,22%,1%,0%,,0%,0%,1%
2004,EE,CEE,Wave VI,Estonia 2004,Gross,0.496,0.379,0.347,17.50%,12.10%,0.30%,3.90%,0.50%,0.40%,,0.10%,0.10%,0.00%,16.70%,,2004,EE,CEE,Wave VI,Estonia 2004,Gross,100%,69%,2%,22%,3%,2%,,1%,1%,0%
2000,EE,CEE,Wave V,Estonia 2000,Mix,0.499,0.362,0.361,22.40%,,0.80%,,1.50%,0.30%,,,19.70%,0.00%,12.10%,,2000,EE,CEE,Wave V,Estonia 2000,Mix,100%,,4%,,7%,1%,,,88%,0%
2013,FI,EU15,Wave IX,Finland 2013,Gross,0.487,0.347,0.259,25.50%,16.80%,0.10%,2.20%,0.50%,3.10%,0.60%,0.40%,1.70%,0.20%,24.30%,,2013,FI,EU15,Wave IX,Finland 2013,Gross,100%,66%,0%,9%,2%,12%,2%,2%,7%,1%
2010,FI,EU15,Wave VIII,Finland 2010,Gross,0.478,0.337,0.261,24.60%,15.40%,0.10%,2.30%,0.60%,3.20%,0.60%,0.40%,1.80%,0.10%,23.30%,,2010,FI,EU15,Wave VIII,Finland 2010,Gross,100%,63%,0%,9%,2%,13%,2%,1%,8%,0%
2007,FI,EU15,Wave VII,Finland 2007,Gross,0.469,0.35,0.264,23.50%,13.70%,0.10%,2.30%,0.50%,4.10%,0.60%,0.30%,1.70%,0.10%,24.20%,,2007,FI,EU15,Wave VII,Finland 2007,Gross,100%,59%,0%,10%,2%,17%,2%,1%,7%,1%
2004,FI,EU15,Wave VI,Finland 2004,Gross,0.472,0.349,0.257,23.40%,14.50%,0.10%,2.70%,0.70%,2.90%,0.60%,0.40%,1.30%,0.20%,25.60%,,2004,FI,EU15,Wave VI,Finland 2004,Gross,100%,62%,1%,12%,3%,12%,3%,2%,6%,1%
2000,FI,EU15,Wave V,Finland 2000,Gross,0.468,0.325,0.252,23.60%,14.20%,0.10%,3.10%,0.60%,3.00%,0.70%,0.40%,1.30%,0.10%,27.50%,,2000,FI,EU15,Wave V,Finland 2000,Gross,100%,60%,0%,13%,3%,13%,3%,2%,6%,0%
1995,FI,EU15,Wave IV,Finland 1995,Gross,0.475,0.271,0.216,29.90%,15.60%,,4.30%,0.70%,5.60%,0.80%,0.50%,2.40%,0.00%,28.20%,,1995,FI,EU15,Wave IV,Finland 1995,Gross,100%,52%,,14%,2%,19%,3%,2%,8%,0%
1991,FI,EU15,Wave III,Finland 1991,Gross,0.406,0.258,0.209,22.50%,13.50%,0.70%,4.10%,,1.50%,,,2.60%,0.00%,25.00%,,1991,FI,EU15,Wave III,Finland 1991,Gross,100%,60%,3%,18%,,7%,,,12%,0%
1987,FI,EU15,Wave II,Finland 1987,Gross,0.388,0.259,0.207,19.10%,12.00%,0.60%,2.80%,,0.70%,,,3.00%,0.00%,26.60%,,1987,FI,EU15,Wave II,Finland 1987,Gross,100%,63%,3%,15%,,4%,,,16%,0%
2010,FR,EU15,Wave VIII,France 2010,Mix,0.494,0.307,0.289,29.10%,20.90%,,3.40%,0.00%,2.90%,1.20%,,0.80%,0.00%,4.80%,,2010,FR,EU15,Wave VIII,France 2010,Mix,100%,72%,,12%,0%,10%,4%,,3%,0%
2005,FR,EU15,Wave VI,France 2005,Mix,0.478,0.295,0.28,30.30%,21.70%,0.60%,3.50%,0.20%,2.30%,1.30%,0.50%,0.10%,0.00%,4.80%,,2005,FR,EU15,Wave VI,France 2005,Mix,100%,71%,2%,12%,1%,8%,4%,1%,0%,0%
2000,FR,EU15,Wave V,France 2000,Mix,0.483,0.3,0.278,27.50%,18.60%,0.60%,3.90%,0.30%,2.20%,1.50%,0.40%,0.10%,0.00%,6.00%,,2000,FR,EU15,Wave V,France 2000,Mix,100%,68%,2%,14%,1%,8%,5%,1%,0%,0%
1994,FR,EU15,Wave IV,France 1994,Mix,0.486,0.306,0.288,27.90%,18.90%,0.60%,3.50%,0.50%,2.70%,1.40%,0.30%,0.20%,0.00%,5.30%,,1994,FR,EU15,Wave IV,France 1994,Mix,100%,67%,2%,13%,2%,10%,5%,1%,1%,0%
1989,FR,EU15,Wave III,France 1989,Mix,0.478,0.309,0.287,25.70%,16.10%,,4.00%,,2.80%,,,2.80%,0.00%,6.50%,,1989,FR,EU15,Wave III,France 1989,Mix,100%,63%,,16%,,11%,,,11%,0%
1984,FR,EU15,Wave II,France 1984,Mix,0.496,0.351,0.338,23.00%,14.30%,,4.00%,,2.20%,,,2.50%,0.00%,6.60%,,1984,FR,EU15,Wave II,France 1984,Mix,100%,62%,,17%,,10%,,,11%,0%
1978,FR,EU15,Wave I,France 1978,Mix,0.611,0.553,0.312,20.40%,12.40%,,4.10%,0.30%,0.90%,,,1.00%,1.90%,5.40%,,1978,FR,EU15,Wave I,France 1978,Mix,100%,60%,,20%,1%,4%,,,5%,9%
2013,GE,Europe - other,Wave IX,Georgia 2013,Net,0.481,0.394,0.394,13.50%,11.70%,,1.40%,0.00%,,,,0.40%,0.00%,,,2013,GE,Europe - other,Wave IX,Georgia 2013,Net,100%,87%,,10%,0%,,,,3%,0%
2010,GE,Europe - other,Wave VIII,Georgia 2010,Net,0.526,0.437,0.437,14.60%,12.60%,,1.40%,0.00%,,,,0.50%,0.00%,,,2010,GE,Europe - other,Wave VIII,Georgia 2010,Net,100%,87%,,10%,0%,,,,3%,0%
2013,DE,EU15,Wave IX,Germany 2013,Gross,0.52,0.344,0.291,22.40%,16.80%,,3.10%,0.30%,1.90%,0.10%,0.10%,0.10%,0.00%,26.10%,,2013,DE,EU15,Wave IX,Germany 2013,Gross,100%,75%,,14%,1%,9%,0%,0%,0%,0%
2010,DE,EU15,Wave VIII,Germany 2010,Gross,0.514,0.338,0.285,23.10%,17.30%,,3.10%,0.20%,2.00%,0.10%,0.10%,0.20%,0.00%,26.30%,,2010,DE,EU15,Wave VIII,Germany 2010,Gross,100%,75%,,14%,1%,9%,1%,1%,1%,0%
2007,DE,EU15,Wave VII,Germany 2007,Gross,0.512,0.343,0.289,22.20%,16.20%,,2.90%,0.10%,2.00%,0.20%,0.20%,0.60%,0.00%,26.50%,,2007,DE,EU15,Wave VII,Germany 2007,Gross,100%,73%,,13%,1%,9%,1%,1%,3%,0%
2004,DE,EU15,Wave VI,Germany 2004,Gross,0.498,0.331,0.278,22.10%,15.60%,,3.20%,0.20%,1.90%,0.30%,0.20%,0.70%,0.00%,25.30%,,2004,DE,EU15,Wave VI,Germany 2004,Gross,100%,71%,,14%,1%,9%,1%,1%,3%,0%
2000,DE,EU15,Wave V,Germany 2000,Gross,0.473,0.318,0.266,20.60%,14.90%,,3.00%,0.20%,1.60%,0.20%,0.20%,0.50%,0.00%,27.30%,,2000,DE,EU15,Wave V,Germany 2000,Gross,100%,72%,,15%,1%,8%,1%,1%,3%,0%
1994,DE,EU15,Wave IV,Germany 1994,Gross,0.458,0.314,0.27,18.50%,14.10%,,1.60%,0.20%,1.90%,0.20%,0.30%,0.20%,0.00%,25.90%,,1994,DE,EU15,Wave IV,Germany 1994,Gross,100%,76%,,9%,1%,10%,1%,2%,1%,0%
1989,DE,EU15,Wave III,Germany 1989,Gross,0.438,0.305,0.258,16.80%,13.60%,,1.40%,0.20%,0.90%,0.20%,0.20%,0.30%,0.00%,27.10%,,1989,DE,EU15,Wave III,Germany 1989,Gross,100%,81%,,8%,1%,6%,1%,1%,2%,0%
1984,DE,EU15,Wave II,Germany 1984,Gross,0.442,0.307,0.265,16.90%,13.60%,,1.60%,0.20%,1.10%,0.20%,0.20%,0.00%,0.00%,25.60%,,1984,DE,EU15,Wave II,Germany 1984,Gross,100%,80%,,9%,1%,7%,1%,1%,0%,0%
1983,DE,EU15,Wave II,Germany 1983,Gross,0.415,0.284,0.26,17.90%,13.40%,,1.60%,,0.80%,,,2.10%,0.00%,18.80%,,1983,DE,EU15,Wave II,Germany 1983,Gross,100%,75%,,9%,,4%,,,12%,0%
1981,DE,EU15,Wave I,Germany 1981,Gross,0.405,0.273,0.244,17.80%,12.20%,,1.90%,,0.40%,,,3.30%,0.00%,24.20%,,1981,DE,EU15,Wave I,Germany 1981,Gross,100%,68%,,11%,,2%,,,19%,0%
1978,DE,EU15,Historical wave,Germany 1978,Gross,0.415,0.289,0.263,16.90%,13.50%,,1.90%,,0.40%,,,1.10%,0.00%,19.20%,,1978,DE,EU15,Historical wave,Germany 1978,Gross,100%,80%,,11%,,3%,,,7%,0%
1973,DE,EU15,Historical wave,Germany 1973,Gross,0.377,0.287,0.271,12.20%,4.20%,,,,,,,8.00%,0.00%,18.70%,,1973,DE,EU15,Historical wave,Germany 1973,Gross,100%,34%,,,,,,,66%,0%
2013,GR,EU15,Wave IX,Greece 2013,Gross,0.567,0.41,0.332,29.60%,26.80%,0.00%,0.90%,0.00%,0.90%,0.00%,,0.50%,0.40%,20.50%,,2013,GR,EU15,Wave IX,Greece 2013,Gross,100%,90%,0%,3%,0%,3%,0%,,2%,2%
2010,GR,EU15,Wave VIII,Greece 2010,Gross,0.564,0.445,0.324,26.20%,23.40%,0.00%,0.70%,0.00%,1.00%,0.00%,,0.20%,0.80%,22.00%,,2010,GR,EU15,Wave VIII,Greece 2010,Gross,100%,89%,0%,2%,0%,4%,0%,,1%,3%
2007,GR,EU15,Wave VII,Greece 2007,Gross,0.515,0.409,0.32,20.20%,17.70%,0.10%,1.30%,0.00%,0.50%,0.10%,,0.10%,0.30%,24.60%,,2007,GR,EU15,Wave VII,Greece 2007,Gross,100%,88%,0%,6%,0%,3%,1%,,1%,2%
2004,GR,EU15,Wave VI,Greece 2004,Net,0.458,0.327,0.327,22.00%,20.20%,0.10%,0.60%,0.10%,0.60%,0.10%,0.30%,0.00%,0.00%,,,2004,GR,EU15,Wave VI,Greece 2004,Net,100%,92%,0%,3%,0%,3%,0%,1%,0%,0%
2000,GR,EU15,Wave V,Greece 2000,Net,0.465,0.333,0.333,21.80%,20.40%,0.20%,0.50%,0.00%,0.50%,0.00%,0.10%,0.10%,0.00%,,,2000,GR,EU15,Wave V,Greece 2000,Net,100%,94%,1%,2%,0%,2%,0%,0%,1%,0%
1995,GR,EU15,Wave IV,Greece 1995,Net,0.462,0.349,0.349,20.90%,19.60%,0.10%,0.50%,0.00%,0.10%,0.00%,0.30%,0.20%,0.00%,,,1995,GR,EU15,Wave IV,Greece 1995,Net,100%,94%,1%,3%,0%,1%,0%,1%,1%,0%
2014,GT,Latin America,Wave IX,Guatemala 2014,Gross,0.427,0.424,0.394,2.80%,1.90%,,,0.00%,,,0.50%,0.30%,0.00%,14.60%,,2014,GT,Latin America,Wave IX,Guatemala 2014,Gross,100%,68%,,,2%,,,19%,11%,0%
2011,GT,Latin America,Wave VIII,Guatemala 2011,Gross,0.493,0.492,0.481,1.90%,1.70%,,,0.00%,,,0.10%,0.10%,0.00%,5.60%,,2011,GT,Latin America,Wave VIII,Guatemala 2011,Gross,100%,91%,,,2%,,,4%,3%,0%
2006,GT,Latin America,Wave VI,Guatemala 2006,Gross,0.49,0.485,0.472,3.00%,1.70%,,,0.40%,,0.10%,0.80%,0.00%,0.00%,6.00%,,2006,GT,Latin America,Wave VI,Guatemala 2006,Gross,100%,58%,,,12%,,3%,27%,1%,0%
2012,HU,CEE,Wave IX,Hungary 2012,Net,0.586,0.289,0.289,32.60%,16.90%,0.30%,4.20%,,0.60%,0.30%,,3.10%,7.20%,,,2012,HU,CEE,Wave IX,Hungary 2012,Net,100%,52%,1%,13%,,2%,1%,,10%,22%
2009,HU,CEE,Wave VIII,Hungary 2009,Net,0.558,0.278,0.278,38.70%,19.90%,0.60%,3.70%,,1.60%,0.30%,,2.30%,10.40%,,,2009,HU,CEE,Wave VIII,Hungary 2009,Net,100%,51%,1%,9%,,4%,1%,,6%,27%
2007,HU,CEE,Wave VII,Hungary 2007,Net,0.543,0.274,0.274,34.70%,15.40%,0.60%,3.90%,,1.30%,0.20%,,3.10%,10.30%,,,2007,HU,CEE,Wave VII,Hungary 2007,Net,100%,44%,2%,11%,,4%,1%,,9%,30%
2005,HU,CEE,Wave VI,Hungary 2005,Net,0.53,0.289,0.289,35.40%,24.20%,0.70%,6.30%,,1.20%,0.10%,,3.00%,0.00%,,,2005,HU,CEE,Wave VI,Hungary 2005,Net,100%,68%,2%,18%,,3%,0%,,8%,0%
1999,HU,CEE,Wave V,Hungary 1999,Net,0.513,0.292,0.292,31.60%,23.40%,0.70%,6.00%,,1.20%,,,0.30%,0.00%,,,1999,HU,CEE,Wave V,Hungary 1999,Net,100%,74%,2%,19%,,4%,,,1%,0%
1994,HU,CEE,Wave IV,Hungary 1994,Net,0.543,0.319,0.319,33.00%,20.20%,1.10%,8.00%,,1.50%,,,2.30%,0.00%,,,1994,HU,CEE,Wave IV,Hungary 1994,Net,100%,61%,3%,24%,,5%,,,7%,0%
1991,HU,CEE,Wave III,Hungary 1991,Net,0.468,0.283,0.283,31.50%,17.90%,1.00%,9.20%,,2.00%,,,1.50%,0.00%,,,1991,HU,CEE,Wave III,Hungary 1991,Net,100%,57%,3%,29%,,6%,,,5%,0%
2010,IS,Europe - other,Wave VIII,Iceland 2010,Gross,0.393,0.287,0.245,16.40%,10.60%,0.00%,2.20%,0.20%,1.80%,1.50%,0.10%,0.00%,0.00%,26.60%,,2010,IS,Europe - other,Wave VIII,Iceland 2010,Gross,100%,65%,0%,13%,1%,11%,9%,1%,0%,0%
2007,IS,Europe - other,Wave VII,Iceland 2007,Gross,0.375,0.302,0.276,10.90%,7.80%,0.00%,1.90%,0.10%,0.20%,0.80%,0.10%,0.00%,0.00%,25.90%,,2007,IS,Europe - other,Wave VII,Iceland 2007,Gross,100%,72%,0%,17%,1%,2%,7%,1%,0%,0%
2004,IS,Europe - other,Wave VI,Iceland 2004,Gross,0.367,0.286,0.255,12.60%,8.60%,0.00%,2.10%,0.20%,0.50%,1.10%,0.10%,0.00%,0.00%,27.10%,,2004,IS,Europe - other,Wave VI,Iceland 2004,Gross,100%,68%,0%,16%,1%,4%,9%,1%,0%,0%
2011,IN,BRICS,Wave VIII,India 2011,Net,0.492,0.479,0.479,6.90%,5.00%,,0.00%,,0.00%,0.20%,1.60%,0.10%,0.00%,,,2011,IN,BRICS,Wave VIII,India 2011,Net,100%,72%,,1%,,0%,3%,23%,1%,0%
2004,IN,BRICS,Wave VI,India 2004,Net,0.479,0.472,0.472,4.70%,3.40%,,0.00%,,0.00%,0.40%,0.80%,0.00%,0.00%,,,2004,IN,BRICS,Wave VI,India 2004,Net,100%,74%,,0%,,0%,9%,16%,0%,0%
2010,IE,EU15,Wave VIII,Ireland 2010,Gross,0.564,0.366,0.294,26.80%,11.50%,1.40%,5.70%,0.10%,6.10%,0.80%,0.30%,0.80%,0.00%,19.20%,,2010,IE,EU15,Wave VIII,Ireland 2010,Gross,100%,43%,5%,21%,1%,23%,3%,1%,3%,0%
2007,IE,EU15,Wave VII,Ireland 2007,Gross,0.501,0.348,0.297,21.00%,10.00%,1.00%,5.50%,0.10%,2.90%,0.40%,0.20%,0.90%,0.00%,15.30%,,2007,IE,EU15,Wave VII,Ireland 2007,Gross,100%,48%,5%,26%,0%,14%,2%,1%,4%,0%
2004,IE,EU15,Wave VI,Ireland 2004,Gross,0.496,0.362,0.317,18.20%,9.40%,0.80%,4.90%,0.00%,1.90%,0.50%,0.20%,0.50%,0.00%,16.10%,,2004,IE,EU15,Wave VI,Ireland 2004,Gross,100%,52%,4%,27%,0%,10%,3%,1%,3%,0%
2000,IE,EU15,Wave V,Ireland 2000,Net,0.44,0.313,0.313,16.80%,9.10%,0.80%,3.80%,0.30%,2.20%,0.20%,,0.50%,0.00%,,,2000,IE,EU15,Wave V,Ireland 2000,Net,100%,54%,5%,23%,2%,13%,1%,,3%,0%
1996,IE,EU15,Wave IV,Ireland 1996,Net,0.481,0.325,0.325,20.50%,10.20%,0.70%,3.70%,0.30%,5.00%,0.30%,0.10%,0.10%,0.00%,,,1996,IE,EU15,Wave IV,Ireland 1996,Net,100%,50%,3%,18%,2%,24%,1%,1%,0%,0%
1995,IE,EU15,Wave IV,Ireland 1995,Net,0.49,0.336,0.336,19.90%,10.00%,0.70%,3.60%,0.30%,4.80%,0.30%,0.10%,0.10%,0.00%,,,1995,IE,EU15,Wave IV,Ireland 1995,Net,100%,50%,4%,18%,2%,24%,2%,1%,0%,0%
1994,IE,EU15,Wave IV,Ireland 1994,Net,0.5,0.333,0.333,20.70%,9.70%,0.70%,3.20%,0.40%,6.10%,0.30%,0.20%,0.00%,0.00%,,,1994,IE,EU15,Wave IV,Ireland 1994,Net,100%,47%,4%,15%,2%,30%,1%,1%,0%,0%
1987,IE,EU15,Wave II,Ireland 1987,Gross,0.51,0.373,0.328,18.90%,6.00%,1.20%,2.20%,,2.20%,,,7.20%,0.00%,19.90%,,1987,IE,EU15,Wave II,Ireland 1987,Gross,100%,32%,7%,12%,,11%,,,38%,0%
2012,IL,Middle East,Wave IX,Israel 2012,Gross,0.494,0.41,0.371,14.80%,10.30%,,1.80%,,0.50%,,0.50%,1.80%,0.00%,16.40%,,2012,IL,Middle East,Wave IX,Israel 2012,Gross,100%,69%,,12%,,3%,,3%,12%,0%
2010,IL,Middle East,Wave VIII,Israel 2010,Gross,0.506,0.417,0.377,15.20%,10.30%,,1.70%,,0.70%,,0.50%,2.00%,0.00%,16.90%,,2010,IL,Middle East,Wave VIII,Israel 2010,Gross,100%,68%,,11%,,5%,,3%,13%,0%
2007,IL,Middle East,Wave VII,Israel 2007,Gross,0.512,0.417,0.369,15.60%,10.70%,,1.80%,,0.50%,,0.70%,1.90%,0.00%,19.00%,,2007,IL,Middle East,Wave VII,Israel 2007,Gross,100%,69%,,11%,,3%,,5%,12%,0%
2005,IL,Middle East,Wave VI,Israel 2005,Gross,0.517,0.416,0.37,16.50%,11.20%,,1.80%,0.30%,0.40%,,0.90%,1.90%,0.00%,19.20%,,2005,IL,Middle East,Wave VI,Israel 2005,Gross,100%,68%,,11%,2%,3%,,6%,12%,0%
2001,IL,Middle East,Wave V,Israel 2001,Gross,0.53,0.41,0.347,17.90%,10.00%,,3.30%,0.30%,1.10%,,1.20%,2.10%,0.00%,23.80%,,2001,IL,Middle East,Wave V,Israel 2001,Gross,100%,56%,,18%,2%,6%,,7%,12%,0%
1997,IL,Middle East,Wave IV,Israel 1997,Gross,0.495,0.393,0.336,16.00%,8.80%,,3.30%,,0.90%,,0.70%,2.20%,0.00%,23.60%,,1997,IL,Middle East,Wave IV,Israel 1997,Gross,100%,55%,,21%,,6%,,4%,14%,0%
1992,IL,Middle East,Wave III,Israel 1992,Gross,0.467,0.363,0.305,15.50%,8.50%,1.00%,2.20%,,0.90%,,,2.90%,0.00%,19.60%,,1992,IL,Middle East,Wave III,Israel 1992,Gross,100%,55%,6%,14%,,6%,,,19%,0%
1986,IL,Middle East,Wave II,Israel 1986,Gross,0.473,0.373,0.309,14.60%,8.60%,,3.70%,,0.30%,,,1.90%,0.00%,22.80%,,1986,IL,Middle East,Wave II,Israel 1986,Gross,100%,59%,,25%,,2%,,,13%,0%
1979,IL,Middle East,Wave I,Israel 1979,Gross,0.427,0.358,0.303,11.00%,5.60%,,3.70%,,,,,1.60%,0.00%,29.10%,,1979,IL,Middle East,Wave I,Israel 1979,Gross,100%,51%,,34%,,,,,15%,0%
2014,IT,EU15,Wave IX,Italy 2014,Net,0.488,0.319,0.319,30.00%,29.00%,,,0.10%,0.80%,,0.00%,0.20%,-0.10%,33.10%,,2014,IT,EU15,Wave IX,Italy 2014,Net,100%,97%,,,0%,3%,,,1%,0%
2010,IT,EU15,Wave VIII,Italy 2010,Net,0.482,0.32,0.32,28.10%,27.30%,,,0.10%,0.60%,,0.00%,0.10%,-0.10%,32.50%,,2010,IT,EU15,Wave VIII,Italy 2010,Net,100%,97%,,,0%,2%,,,1%,0%
2008,IT,EU15,Wave VII,Italy 2008,Net,0.47,0.319,0.319,27.30%,26.90%,,,0.10%,0.30%,,0.00%,0.10%,-0.10%,31.10%,,2008,IT,EU15,Wave VII,Italy 2008,Net,100%,98%,,,0%,1%,,,0%,0%
2004,IT,EU15,Wave VI,Italy 2004,Net,0.486,0.329,0.329,25.60%,25.10%,,,0.10%,0.40%,,0.00%,0.10%,-0.10%,32.00%,,2004,IT,EU15,Wave VI,Italy 2004,Net,100%,98%,,0%,0%,2%,,0%,0%,0%
2000,IT,EU15,Wave V,Italy 2000,Net,0.467,0.328,0.328,24.70%,24.10%,,,0.10%,0.40%,,0.00%,0.20%,-0.10%,,,2000,IT,EU15,Wave V,Italy 2000,Net,100%,98%,,,0%,2%,,0%,1%,0%
1998,IT,EU15,Wave V,Italy 1998,Net,0.474,0.34,0.34,24.80%,24.40%,,,0.10%,0.30%,,0.00%,0.10%,-0.10%,,,1998,IT,EU15,Wave V,Italy 1998,Net,100%,98%,,,0%,1%,,0%,0%,0%
1995,IT,EU15,Wave IV,Italy 1995,Net,0.47,0.336,0.336,25.40%,24.60%,,,0.10%,0.50%,,0.00%,0.20%,-0.10%,,,1995,IT,EU15,Wave IV,Italy 1995,Net,100%,97%,,,0%,2%,,0%,1%,0%
1993,IT,EU15,Wave IV,Italy 1993,Net,0.472,0.339,0.339,22.70%,22.00%,,,0.00%,,,0.40%,0.20%,0.00%,,,1993,IT,EU15,Wave IV,Italy 1993,Net,100%,97%,,,0%,,,2%,1%,0%
1991,IT,EU15,Wave III,Italy 1991,Net,0.415,0.291,0.291,20.70%,20.20%,,,0.00%,,,0.20%,0.20%,0.00%,,,1991,IT,EU15,Wave III,Italy 1991,Net,100%,98%,,,0%,,,1%,1%,0%
1989,IT,EU15,Wave III,Italy 1989,Net,0.428,0.304,0.304,19.00%,18.60%,,,0.00%,,,0.20%,0.20%,0.00%,,,1989,IT,EU15,Wave III,Italy 1989,Net,100%,98%,,,0%,,,1%,1%,0%
1987,IT,EU15,Wave II,Italy 1987,Net,0.452,0.332,0.332,18.30%,17.80%,,,0.00%,,,0.30%,0.20%,0.00%,,,1987,IT,EU15,Wave II,Italy 1987,Net,100%,97%,,,0%,,,2%,1%,0%
1986,IT,EU15,Wave II,Italy 1986,Net,0.424,0.306,0.306,20.20%,17.60%,,,,,,,2.70%,0.00%,,,1986,IT,EU15,Wave II,Italy 1986,Net,100%,87%,,,,,,,13%,0%
2008,JP,South-East Asia,Wave VII,Japan 2008,Gross,0.382,0.321,0.302,14.90%,3.90%,,0.40%,,,,0.10%,10.50%,0.00%,15.50%,,2008,JP,South-East Asia,Wave VII,Japan 2008,Gross,100%,26%,,3%,,,,1%,70%,0%
2013,LU,EU15,Wave IX,Luxembourg 2013,Gross,0.475,0.317,0.283,26.00%,19.30%,0.20%,4.40%,0.10%,0.90%,0.10%,0.60%,0.30%,0.00%,22.70%,,2013,LU,EU15,Wave IX,Luxembourg 2013,Gross,100%,75%,1%,17%,1%,4%,0%,2%,1%,0%
2010,LU,EU15,Wave VIII,Luxembourg 2010,Gross,0.462,0.304,0.271,25.30%,18.20%,0.20%,4.90%,0.10%,0.90%,0.10%,0.50%,0.40%,0.00%,21.00%,,2010,LU,EU15,Wave VIII,Luxembourg 2010,Gross,100%,72%,1%,19%,1%,4%,0%,2%,1%,0%
2007,LU,EU15,Wave VIII,Luxembourg 2007,Gross,0.456,0.309,0.276,22.10%,16.10%,0.20%,4.30%,0.20%,0.60%,0.00%,0.30%,0.40%,0.00%,21.00%,,2007,LU,EU15,Wave VIII,Luxembourg 2007,Gross,100%,73%,1%,19%,1%,3%,0%,1%,2%,0%
2004,LU,EU15,Wave VI,Luxembourg 2004,Gross,0.454,0.307,0.269,23.30%,16.50%,0.10%,5.00%,0.10%,1.10%,0.10%,,0.40%,0.00%,19.40%,,2004,LU,EU15,Wave VI,Luxembourg 2004,Gross,100%,71%,0%,21%,0%,5%,1%,,2%,0%
2000,LU,EU15,Wave V,Luxembourg 2000,Net,0.428,0.262,0.262,25.30%,18.20%,0.30%,5.70%,0.00%,0.30%,,0.50%,0.30%,0.00%,,,2000,LU,EU15,Wave V,Luxembourg 2000,Net,100%,72%,1%,22%,0%,1%,,2%,1%,0%
1997,LU,EU15,Wave IV,Luxembourg 1997,Net,0.432,0.261,0.261,26.20%,19.00%,0.30%,5.30%,0.00%,0.40%,,0.50%,0.70%,0.00%,,,1997,LU,EU15,Wave IV,Luxembourg 1997,Net,100%,72%,1%,20%,0%,2%,,2%,3%,0%
1994,LU,EU15,Wave IV,Luxembourg 1994,Net,0.388,0.235,0.235,25.00%,18.30%,0.60%,4.10%,0.10%,0.30%,,0.40%,1.20%,0.00%,,,1994,LU,EU15,Wave IV,Luxembourg 1994,Net,100%,73%,2%,16%,1%,1%,,2%,5%,0%
1991,LU,EU15,Wave III,Luxembourg 1991,Net,0.372,0.239,0.239,23.10%,18.00%,0.50%,3.30%,,0.10%,,,1.20%,0.00%,,,1991,LU,EU15,Wave III,Luxembourg 1991,Net,100%,78%,2%,14%,,0%,,,5%,0%
1985,LU,EU15,Wave II,Luxembourg 1985,Net,0.375,0.236,0.236,22.40%,17.40%,0.30%,3.70%,0.10%,0.30%,,,0.60%,0.00%,,,1985,LU,EU15,Wave II,Luxembourg 1985,Net,100%,78%,2%,16%,1%,1%,,,3%,0%
2012,MX,Latin America,Wave IX,Mexico 2012,Net,0.486,0.459,0.459,11.30%,7.40%,0.00%,,0.30%,0.30%,,0.00%,3.30%,0.00%,,,2012,MX,Latin America,Wave IX,Mexico 2012,Net,100%,65%,0%,,2%,3%,,0%,29%,0%
2010,MX,Latin America,Wave VIII,Mexico 2010,Net,0.487,0.455,0.455,10.30%,6.40%,0.00%,,0.20%,0.40%,,0.00%,3.20%,0.00%,,,2010,MX,Latin America,Wave VIII,Mexico 2010,Net,100%,62%,0%,,2%,4%,,0%,31%,0%
2008,MX,Latin America,Wave VII,Mexico 2008,Net,0.497,0.469,0.469,9.10%,5.30%,0.10%,,0.20%,0.30%,,,3.10%,0.00%,,,2008,MX,Latin America,Wave VII,Mexico 2008,Net,100%,59%,1%,,2%,4%,,,35%,0%
2004,MX,Latin America,Wave VI,Mexico 2004,Net,0.473,0.457,0.457,5.90%,4.50%,,,0.20%,,,,1.30%,0.00%,,,2004,MX,Latin America,Wave VI,Mexico 2004,Net,100%,76%,,,3%,,,,21%,0%
2002,MX,Latin America,Wave V,Mexico 2002,Net,0.484,0.468,0.468,5.40%,3.90%,,,0.40%,,,,1.10%,0.00%,,,2002,MX,Latin America,Wave V,Mexico 2002,Net,100%,72%,,,7%,,,,21%,0%
2000,MX,Latin America,Wave V,Mexico 2000,Net,0.491,0.486,0.486,4.40%,4.10%,,,,,,,0.20%,0.00%,,,2000,MX,Latin America,Wave V,Mexico 2000,Net,100%,95%,,,,,,,5%,0%
1998,MX,Latin America,Wave V,Mexico 1998,Net,0.494,0.486,0.486,3.70%,3.50%,,,,,,,0.20%,0.00%,,,1998,MX,Latin America,Wave V,Mexico 1998,Net,100%,94%,,,,,,,6%,0%
1996,MX,Latin America,Wave IV,Mexico 1996,Net,0.478,0.47,0.47,3.30%,2.60%,,,0.20%,,,,0.50%,0.00%,,,1996,MX,Latin America,Wave IV,Mexico 1996,Net,100%,81%,,,5%,,,,14%,0%
1994,MX,Latin America,Wave IV,Mexico 1994,Net,0.495,0.485,0.485,3.40%,2.50%,,,0.10%,,,,0.80%,0.00%,,,1994,MX,Latin America,Wave IV,Mexico 1994,Net,100%,72%,,,4%,,,,24%,0%
1992,MX,Latin America,Wave III,Mexico 1992,Net,0.483,0.475,0.475,2.40%,2.20%,,,0.10%,,,,0.00%,0.00%,,,1992,MX,Latin America,Wave III,Mexico 1992,Net,100%,95%,,,5%,,,,0%,0%
1989,MX,Latin America,Wave III,Mexico 1989,Net,0.457,0.452,0.452,2.20%,2.10%,,,0.10%,,,,0.00%,0.00%,,,1989,MX,Latin America,Wave III,Mexico 1989,Net,100%,96%,,,4%,,,,0%,0%
1984,MX,Latin America,Wave II,Mexico 1984,Net,0.431,0.43,0.43,1.90%,1.80%,,,0.10%,,,,0.00%,0.00%,,,1984,MX,Latin America,Wave II,Mexico 1984,Net,100%,94%,,,6%,,,,0%,0%
2013,NL,EU15,Wave VIII,Netherlands 2013,Gross,0.475,0.323,0.264,22.20%,16.40%,0.40%,1.30%,0.50%,1.70%,0.50%,1.00%,0.50%,0.00%,32.60%,,2013,NL,EU15,Wave VIII,Netherlands 2013,Gross,100%,74%,2%,6%,2%,8%,2%,4%,2%,0%
2010,NL,EU15,Wave VIII,Netherlands 2010,Gross,0.461,0.318,0.257,21.30%,15.70%,0.30%,1.40%,0.60%,1.40%,0.50%,0.90%,0.60%,0.00%,34.40%,,2010,NL,EU15,Wave VIII,Netherlands 2010,Gross,100%,74%,2%,6%,3%,6%,2%,4%,3%,0%
2007,NL,EU15,Wave VII,Netherlands 2007,Gross,0.468,0.331,0.274,19.30%,14.60%,0.20%,1.20%,0.60%,0.90%,0.40%,0.70%,0.60%,0.00%,32.20%,,2007,NL,EU15,Wave VII,Netherlands 2007,Gross,100%,76%,1%,6%,3%,5%,2%,4%,3%,0%
2004,NL,EU15,Wave VI,Netherlands 2004,Gross,0.461,0.309,0.266,21.10%,15.30%,0.30%,1.40%,0.50%,1.50%,0.50%,,1.80%,0.00%,32.30%,,2004,NL,EU15,Wave VI,Netherlands 2004,Gross,100%,72%,1%,6%,2%,7%,2%,,8%,0%
1999,NL,EU15,Wave V,Netherlands 1999,Gross,0.426,0.274,0.231,21.20%,16.60%,0.30%,2.00%,0.30%,1.10%,0.20%,0.70%,0.00%,0.00%,25.80%,,1999,NL,EU15,Wave V,Netherlands 1999,Gross,100%,79%,1%,9%,1%,5%,1%,3%,0%,0%
1993,NL,EU15,Wave IV,Netherlands 1993,Gross,0.46,0.3,0.257,23.30%,16.20%,0.30%,2.40%,0.50%,2.70%,0.30%,0.80%,0.10%,0.00%,32.20%,,1993,NL,EU15,Wave IV,Netherlands 1993,Gross,100%,70%,1%,10%,2%,12%,1%,3%,0%,0%
1990,NL,EU15,Wave III,Netherlands 1990,Gross,0.451,0.287,0.266,24.10%,17.20%,0.70%,2.10%,,1.00%,,,3.00%,0.00%,25.90%,,1990,NL,EU15,Wave III,Netherlands 1990,Gross,100%,71%,3%,9%,,4%,,,13%,0%
1987,NL,EU15,Wave II,Netherlands 1987,Gross,0.475,0.287,0.236,29.40%,13.20%,,2.10%,7.10%,1.90%,,,5.20%,0.00%,34.10%,,1987,NL,EU15,Wave II,Netherlands 1987,Gross,100%,45%,,7%,24%,6%,,,18%,0%
1983,NL,EU15,Wave II,Netherlands 1983,Gross,0.483,0.296,0.252,29.00%,14.10%,,3.10%,7.10%,2.40%,,,2.40%,0.00%,31.50%,,1983,NL,EU15,Wave II,Netherlands 1983,Gross,100%,49%,,11%,24%,8%,,,8%,0%
2013,NO,Europe - other,Wave IX,Norway 2013,Gross,0.446,0.293,0.248,23.20%,16.30%,2.30%,2.60%,0.40%,0.60%,0.10%,0.30%,0.60%,0.00%,25.80%,,2013,NO,Europe - other,Wave IX,Norway 2013,Gross,100%,70%,10%,11%,2%,3%,1%,1%,2%,0%
2010,NO,Europe - other,Wave VIII,Norway 2010,Gross,0.447,0.287,0.243,23.30%,15.20%,2.50%,2.90%,0.50%,0.80%,0.20%,0.30%,1.00%,0.00%,25.80%,,2010,NO,Europe - other,Wave VIII,Norway 2010,Gross,100%,65%,11%,12%,2%,3%,1%,1%,4%,0%
2007,NO,Europe - other,Wave VII,Norway 2007,Gross,0.439,0.286,0.244,22.40%,13.50%,2.40%,3.10%,0.50%,0.40%,0.20%,0.30%,2.10%,0.00%,25.30%,,2007,NO,Europe - other,Wave VII,Norway 2007,Gross,100%,60%,11%,14%,2%,2%,1%,1%,10%,0%
2004,NO,Europe - other,Wave VI,Norway 2004,Gross,0.456,0.293,0.256,22.70%,12.70%,4.20%,3.60%,0.60%,1.10%,0.10%,0.50%,0.00%,0.00%,24.40%,,2004,NO,Europe - other,Wave VI,Norway 2004,Gross,100%,56%,18%,16%,3%,5%,1%,2%,0%,0%
2000,NO,Europe - other,Wave V,Norway 2000,Gross,0.428,0.291,0.25,18.40%,12.50%,1.00%,3.10%,0.60%,0.70%,0.10%,0.40%,0.00%,0.00%,25.00%,,2000,NO,Europe - other,Wave V,Norway 2000,Gross,100%,68%,5%,17%,3%,4%,1%,2%,0%,0%
1995,NO,Europe - other,Wave IV,Norway 1995,Gross,0.422,0.279,0.239,19.30%,13.30%,,2.70%,0.50%,1.70%,0.10%,0.60%,0.30%,0.00%,24.40%,,1995,NO,Europe - other,Wave IV,Norway 1995,Gross,100%,69%,,14%,3%,9%,1%,3%,2%,0%
1991,NO,Europe - other,Wave III,Norway 1991,Gross,0.392,0.271,0.231,17.20%,13.30%,,2.50%,,,,,1.40%,0.00%,22.70%,,1991,NO,Europe - other,Wave III,Norway 1991,Gross,100%,77%,,14%,,,,,8%,0%
1986,NO,Europe - other,Wave II,Norway 1986,Gross,0.362,0.262,0.234,14.00%,1.10%,,2.00%,,0.40%,,,10.50%,0.00%,24.20%,,1986,NO,Europe - other,Wave II,Norway 1986,Gross,100%,8%,,14%,,3%,,,75%,0%
1979,NO,Europe - other,Wave I,Norway 1979,Gross,0.372,0.273,0.224,12.70%,0.90%,,1.60%,,,,,10.20%,0.00%,25.60%,,1979,NO,Europe - other,Wave I,Norway 1979,Gross,100%,7%,,12%,,,,,81%,0%
2013,PA,Latin America,Wave IX,Panama 2013,Gross,0.514,0.482,0.467,11.60%,9.40%,,0.30%,1.50%,,0.00%,0.40%,0.00%,0.00%,8.90%,,2013,PA,Latin America,Wave IX,Panama 2013,Gross,100%,81%,,3%,13%,,0%,3%,0%,0%
2010,PA,Latin America,Wave VIII,Panama 2010,Gross,0.512,0.482,0.471,12.50%,10.20%,,1.00%,0.60%,,0.10%,0.60%,0.00%,0.00%,7.20%,,2010,PA,Latin America,Wave VIII,Panama 2010,Gross,100%,82%,,8%,5%,,0%,5%,0%,0%
2007,PA,Latin America,Wave VII,Panama 2007,Gross,0.516,0.494,0.481,12.70%,11.00%,,,0.40%,,0.10%,1.10%,0.20%,0.00%,6.80%,,2007,PA,Latin America,Wave VII,Panama 2007,Gross,100%,86%,,,3%,,1%,8%,2%,0%
2013,PY,Latin America,Wave IX,Paraguay 2013,Net,0.472,0.463,0.463,3.90%,3.70%,,,,,,,0.20%,0.00%,,,2013,PY,Latin America,Wave IX,Paraguay 2013,Net,100%,96%,,,,,,,4%,0%
2010,PY,Latin America,Wave VIII,Paraguay 2010,Net,0.471,0.469,0.469,4.20%,4.00%,,,,,,,0.20%,0.00%,,,2010,PY,Latin America,Wave VIII,Paraguay 2010,Net,100%,95%,,,,,,,5%,0%
2013,PE,Latin America,Wave IX,Peru 2013,Gross,0.483,0.465,0.455,7.30%,4.00%,,0.40%,0.20%,,0.00%,2.60%,0.00%,0.00%,4.90%,,2013,PE,Latin America,Wave IX,Peru 2013,Gross,100%,56%,,6%,2%,,0%,36%,0%,0%
2010,PE,Latin America,Wave VIII,Peru 2010,Gross,0.496,0.479,0.47,8.10%,4.50%,,0.40%,0.20%,,0.00%,3.00%,0.00%,0.00%,4.40%,,2010,PE,Latin America,Wave VIII,Peru 2010,Gross,100%,56%,,5%,3%,,0%,37%,0%,0%
2007,PE,Latin America,Wave VII,Peru 2007,Gross,0.524,0.508,0.5,8.90%,5.40%,,0.40%,0.20%,,0.00%,2.80%,0.00%,0.00%,3.90%,,2007,PE,Latin America,Wave VII,Peru 2007,Gross,100%,61%,,5%,2%,,0%,32%,0%,0%
2004,PE,Latin America,Wave VI,Peru 2004,Gross,0.536,0.526,0.519,8.80%,5.70%,,,0.00%,,0.00%,3.10%,0.00%,0.00%,3.80%,,2004,PE,Latin America,Wave VI,Peru 2004,Gross,100%,65%,,,0%,,0%,35%,0%,0%
2013,PL,CEE,Wave IX,Poland 2013,Gross,0.484,0.317,0.316,25.50%,22.50%,,1.20%,0.10%,0.40%,0.10%,0.80%,0.30%,0.00%,2.40%,,2013,PL,CEE,Wave IX,Poland 2013,Gross,100%,88%,,5%,1%,2%,0%,3%,1%,0%
2010,PL,CEE,Wave VIII,Poland 2010,Gross,0.477,0.311,0.31,25.20%,22.20%,,1.30%,0.10%,0.50%,0.10%,0.70%,0.30%,0.00%,3.40%,,2010,PL,CEE,Wave VIII,Poland 2010,Gross,100%,88%,,5%,1%,2%,0%,3%,1%,0%
2007,PL,CEE,Wave VII,Poland 2007,Gross,0.49,0.313,0.31,27.70%,24.00%,,1.70%,0.20%,0.40%,0.10%,0.90%,0.30%,0.00%,5.20%,,2007,PL,CEE,Wave VII,Poland 2007,Gross,100%,87%,,6%,1%,1%,0%,3%,1%,0%
2004,PL,CEE,Wave VI,Poland 2004,Gross,0.526,0.323,0.315,32.90%,28.60%,0.30%,1.90%,0.10%,0.80%,0.40%,0.60%,0.20%,0.00%,6.90%,,2004,PL,CEE,Wave VI,Poland 2004,Gross,100%,87%,1%,6%,0%,2%,1%,2%,1%,0%
1999,PL,CEE,Wave V,Poland 1999,Gross,0.475,0.293,0.286,30.40%,26.00%,0.30%,1.70%,,1.60%,0.20%,0.40%,0.20%,0.00%,10.80%,,1999,PL,CEE,Wave V,Poland 1999,Gross,100%,85%,1%,6%,,5%,1%,1%,1%,0%
1995,PL,CEE,Wave IV,Poland 1995,Mix,0.534,0.325,0.318,36.00%,28.40%,,2.90%,,2.80%,,,1.80%,0.00%,15.70%,,1995,PL,CEE,Wave IV,Poland 1995,Mix,100%,79%,,8%,,8%,,,5%,0%
1992,PL,CEE,Wave III,Poland 1992,Net,0.403,0.262,0.262,22.30%,13.40%,,5.00%,,3.90%,,,0.00%,0.00%,,,1992,PL,CEE,Wave III,Poland 1992,Net,100%,60%,,23%,,17%,,,0%,0%
1986,PL,CEE,Wave II,Poland 1986,Net,0.366,0.271,0.271,15.20%,11.60%,,0.40%,,,,,3.20%,0.00%,,,1986,PL,CEE,Wave II,Poland 1986,Net,100%,76%,,3%,,,,,21%,0%
1997,RO,CEE,Wave IV,Romania 1997,Gross,0.375,0.296,0.28,15.30%,11.20%,0.10%,2.90%,0.10%,0.80%,,,0.10%,0.00%,11.50%,,1997,RO,CEE,Wave IV,Romania 1997,Gross,100%,73%,1%,19%,0%,5%,,,1%,0%
1995,RO,CEE,Wave IV,Romania 1995,Gross,0.376,0.298,0.279,14.10%,10.80%,0.20%,1.60%,0.10%,1.20%,,,0.30%,0.00%,12.70%,,1995,RO,CEE,Wave IV,Romania 1995,Gross,100%,76%,1%,11%,1%,8%,,,2%,0%
2013,RU,BRICS,Wave IX,Russia 2013,Net,0.457,0.331,0.331,22.20%,20.50%,,1.00%,,0.00%,0.10%,,0.70%,0.00%,,,2013,RU,BRICS,Wave IX,Russia 2013,Net,100%,92%,,4%,,0%,0%,,3%,0%
2010,RU,BRICS,Wave VIII,Russia 2010,Net,0.45,0.338,0.338,21.00%,19.40%,,1.10%,,0.10%,0.10%,,0.30%,0.00%,,,2010,RU,BRICS,Wave VIII,Russia 2010,Net,100%,92%,,5%,,0%,1%,,2%,0%
2007,RU,BRICS,Wave VII,Russia 2007,Net,0.446,0.35,0.35,16.70%,15.40%,,0.70%,,0.00%,0.10%,,0.40%,0.00%,,,2007,RU,BRICS,Wave VII,Russia 2007,Net,100%,92%,,4%,,0%,1%,,3%,0%
2004,RU,BRICS,Wave VI,Russia 2004,Net,0.492,0.388,0.388,17.30%,15.80%,,0.70%,,0.00%,0.10%,,0.70%,0.00%,,,2004,RU,BRICS,Wave VI,Russia 2004,Net,100%,91%,,4%,,0%,0%,,4%,0%
2000,RU,BRICS,Wave V,Russia 2000,Net,0.507,0.408,0.408,16.30%,12.90%,,0.90%,0.30%,0.10%,0.70%,,1.40%,0.00%,,,2000,RU,BRICS,Wave V,Russia 2000,Net,100%,79%,,6%,2%,1%,4%,,8%,0%
2013,RS,Europe - other,Wave IX,Serbia 2013,Net,0.518,0.332,0.332,33.60%,31.40%,,0.60%,,0.40%,,,1.30%,0.00%,,,2013,RS,Europe - other,Wave IX,Serbia 2013,Net,100%,93%,,2%,,1%,,,4%,0%
2010,RS,Europe - other,Wave VIII,Serbia 2010,Net,0.513,0.324,0.324,34.30%,32.40%,,0.50%,,0.60%,,,0.80%,0.00%,,,2010,RS,Europe - other,Wave VIII,Serbia 2010,Net,100%,94%,,2%,,2%,,,2%,0%
2006,RS,Europe - other,Wave VII,Serbia 2006,Net,0.472,0.343,0.343,27.50%,25.50%,,0.60%,,0.60%,,,0.80%,0.00%,,,2006,RS,Europe - other,Wave VII,Serbia 2006,Net,100%,93%,,2%,,2%,,,3%,0%
2013,SK,CEE,Wave IX,Slovakia 2013,Gross,0.425,0.287,0.268,20.90%,16.60%,0.20%,2.80%,0.10%,0.30%,,,0.80%,0.00%,12.60%,,2013,SK,CEE,Wave IX,Slovakia 2013,Gross,100%,80%,1%,14%,0%,1%,,,4%,0%
2010,SK,CEE,Wave VIII,Slovakia 2010,Gross,0.429,0.28,0.262,22.20%,17.70%,0.30%,2.70%,0.20%,0.60%,,,0.80%,0.00%,10.60%,,2010,SK,CEE,Wave VIII,Slovakia 2010,Gross,100%,80%,1%,12%,1%,3%,,,4%,0%
2007,SK,CEE,Wave VII,Slovakia 2007,Gross,0.503,0.389,0.248,20.10%,16.00%,0.20%,2.20%,0.20%,0.20%,,,0.70%,0.60%,14.20%,,2007,SK,CEE,Wave VII,Slovakia 2007,Gross,100%,80%,1%,11%,1%,1%,,,4%,3%
2004,SK,CEE,Wave VI,Slovakia 2004,Gross,0.474,0.332,0.269,21.80%,16.00%,0.30%,3.10%,0.10%,0.70%,,,1.50%,0.10%,16.00%,,2004,SK,CEE,Wave VI,Slovakia 2004,Gross,100%,73%,1%,14%,0%,3%,,,7%,1%
1996,SK,CEE,Wave IV,Slovakia 1996,Net,0.43,0.25,0.25,26.50%,18.20%,0.60%,5.70%,,1.90%,,,0.10%,0.00%,,,1996,SK,CEE,Wave IV,Slovakia 1996,Net,100%,69%,2%,21%,,7%,,,0%,0%
1992,SK,CEE,Wave III,Slovakia 1992,Gross,0.401,0.216,0.189,29.00%,14.40%,0.90%,6.50%,,1.10%,,,6.10%,0.00%,12.90%,,1992,SK,CEE,Wave III,Slovakia 1992,Gross,100%,50%,3%,22%,,4%,,,21%,0%
2012,SI,CEE,Wave IX,Slovenia 2012,Net,0.449,0.271,0.271,28.20%,,,2.30%,1.00%,1.10%,,,23.80%,0.00%,,,2012,SI,CEE,Wave IX,Slovenia 2012,Net,100%,,,8%,4%,4%,,,84%,0%
2010,SI,CEE,Wave VIII,Slovenia 2010,Net,0.415,0.252,0.252,26.10%,,,3.10%,0.70%,0.80%,0.00%,0.40%,21.10%,0.00%,,,2010,SI,CEE,Wave VIII,Slovenia 2010,Net,100%,,,12%,3%,3%,0%,1%,81%,0%
2007,SI,CEE,Wave VII,Slovenia 2007,Net,0.395,0.23,0.23,25.80%,,,3.10%,0.80%,0.60%,0.00%,0.40%,21.00%,0.00%,,,2007,SI,CEE,Wave VII,Slovenia 2007,Net,100%,,,12%,3%,2%,0%,2%,81%,0%
2004,SI,CEE,Wave VI,Slovenia 2004,Net,0.396,0.231,0.231,26.70%,,,3.20%,0.90%,0.70%,0.00%,0.50%,21.40%,0.00%,,,2004,SI,CEE,Wave VI,Slovenia 2004,Net,100%,,,12%,3%,2%,0%,2%,80%,0%
1999,SI,CEE,Wave V,Slovenia 1999,Net,0.372,0.232,0.232,26.10%,,,2.70%,1.00%,1.40%,0.00%,0.20%,20.80%,0.00%,,,1999,SI,CEE,Wave V,Slovenia 1999,Net,100%,,,10%,4%,5%,0%,1%,80%,0%
1997,SI,CEE,Wave IV,Slovenia 1997,Net,0.366,0.229,0.229,26.10%,,,3.00%,1.00%,1.30%,0.00%,0.20%,20.60%,0.00%,,,1997,SI,CEE,Wave IV,Slovenia 1997,Net,100%,,,12%,4%,5%,0%,1%,79%,0%
2012,ZA,BRICS,Wave IX,South Africa 2012,Gross,0.664,0.625,0.572,10.60%,6.00%,,4.00%,,,,,0.20%,0.40%,18.80%,,2012,ZA,BRICS,Wave IX,South Africa 2012,Gross,100%,57%,,38%,,,,,2%,4%
2010,ZA,BRICS,Wave VIII,South Africa 2010,Gross,0.665,0.639,0.585,14.10%,9.40%,,3.60%,,,,,0.10%,0.90%,19.80%,,2010,ZA,BRICS,Wave VIII,South Africa 2010,Gross,100%,67%,,26%,,,,,1%,6%
2008,ZA,BRICS,Wave VII,South Africa 2008,Gross,0.661,0.621,0.596,10.90%,7.30%,,2.80%,,,,,0.50%,0.20%,15.20%,,2008,ZA,BRICS,Wave VII,South Africa 2008,Gross,100%,67%,,26%,,,,,5%,2%
2012,KR,South-East Asia,Wave IX,South Korea 2012,Gross,0.337,0.314,0.306,4.60%,2.50%,,,,,,,2.10%,0.00%,8.60%,,2012,KR,South-East Asia,Wave IX,South Korea 2012,Gross,100%,55%,,,,,,,45%,0%
2010,KR,South-East Asia,Wave VIII,South Korea 2010,Gross,0.341,0.316,0.309,4.60%,2.40%,,,,,,,2.10%,0.00%,8.20%,,2010,KR,South-East Asia,Wave VIII,South Korea 2010,Gross,100%,53%,,,,,,,47%,0%
2008,KR,South-East Asia,Wave VII,South Korea 2008,Gross,0.344,0.323,0.314,4.00%,1.90%,,,,,,,2.10%,0.00%,7.70%,,2008,KR,South-East Asia,Wave VII,South Korea 2008,Gross,100%,48%,,,,,,,52%,0%
2006,KR,South-East Asia,Wave VI,South Korea 2006,Gross,0.33,0.313,0.305,3.20%,1.40%,,,,,,,1.70%,0.00%,7.30%,,2006,KR,South-East Asia,Wave VI,South Korea 2006,Gross,100%,45%,,,,,,,55%,0%
2013,ES,EU15,Wave IX,Spain 2013,Gross,0.52,0.379,0.343,26.30%,19.20%,0.40%,0.20%,0.20%,5.80%,0.00%,,0.50%,0.00%,16.10%,,2013,ES,EU15,Wave IX,Spain 2013,Gross,100%,73%,1%,1%,1%,22%,0%,,2%,0%
2010,ES,EU15,Wave VIII,Spain 2010,Gross,0.547,0.426,0.333,23.40%,17.50%,0.30%,0.40%,0.30%,3.90%,0.10%,,0.40%,0.50%,13.50%,,2010,ES,EU15,Wave VIII,Spain 2010,Gross,100%,75%,1%,2%,1%,17%,1%,,2%,2%
2007,ES,EU15,Wave VII,Spain 2007,Gross,0.475,0.368,0.307,17.90%,14.60%,0.40%,0.30%,0.20%,1.60%,0.10%,,0.60%,0.20%,14.60%,,2007,ES,EU15,Wave VII,Spain 2007,Gross,100%,82%,2%,1%,1%,9%,0%,,3%,1%
2004,ES,EU15,Wave VI,Spain 2004,Net,0.446,0.316,0.316,20.40%,17.10%,0.60%,0.30%,0.20%,2.00%,0.10%,0.10%,0.00%,0.00%,,,2004,ES,EU15,Wave VI,Spain 2004,Net,100%,84%,3%,1%,1%,10%,1%,0%,0%,0%
2000,ES,EU15,Wave V,Spain 2000,Net,0.476,0.336,0.336,20.30%,18.00%,0.30%,0.30%,0.20%,1.60%,0.00%,0.00%,0.00%,0.00%,,,2000,ES,EU15,Wave V,Spain 2000,Net,100%,88%,1%,1%,1%,8%,0%,0%,0%,0%
1995,ES,EU15,Wave IV,Spain 1995,Net,0.503,0.353,0.353,22.10%,18.10%,0.50%,0.30%,0.30%,2.70%,0.10%,0.10%,0.10%,0.00%,,,1995,ES,EU15,Wave IV,Spain 1995,Net,100%,82%,2%,1%,1%,12%,0%,0%,0%,0%
1990,ES,EU15,Wave III,Spain 1990,Net,0.419,0.302,0.302,21.00%,17.20%,,,,2.50%,,,1.40%,0.00%,,,1990,ES,EU15,Wave III,Spain 1990,Net,100%,82%,,,,12%,,,6%,0%
1985,ES,EU15,Wave II,Spain 1985,Net,0.433,0.314,0.314,20.30%,,,,,2.80%,,,17.50%,0.00%,,,1985,ES,EU15,Wave II,Spain 1985,Net,100%,,,,,14%,,,86%,0%
1980,ES,EU15,Wave I,Spain 1980,Net,0.415,0.318,0.318,15.10%,,,,,,,,,,,,1980,ES,EU15,Wave I,Spain 1980,Net,,,,,,,,,,
2005,SE,EU15,Wave VI,Sweden 2005,Gross,0.466,0.274,0.237,28.10%,0.00%,2.30%,3.40%,2.00%,2.50%,0.70%,0.50%,16.60%,0.00%,28.10%,,2005,SE,EU15,Wave VI,Sweden 2005,Gross,100%,0%,8%,12%,7%,9%,3%,2%,59%,0%
2000,SE,EU15,Wave V,Sweden 2000,Gross,0.47,0.289,0.252,26.20%,15.30%,2.80%,3.10%,1.00%,2.70%,0.90%,0.60%,0.60%,-0.70%,30.20%,,2000,SE,EU15,Wave V,Sweden 2000,Gross,100%,58%,11%,12%,4%,10%,3%,2%,2%,-3%
1995,SE,EU15,Wave IV,Sweden 1995,Gross,0.49,0.263,0.221,33.10%,17.20%,1.70%,5.70%,1.30%,4.50%,1.50%,0.90%,0.30%,0.00%,28.60%,,1995,SE,EU15,Wave IV,Sweden 1995,Gross,100%,52%,5%,17%,4%,14%,5%,3%,1%,0%
1992,SE,EU15,Wave III,Sweden 1992,Gross,0.461,0.26,0.229,30.70%,16.70%,2.50%,4.40%,,3.50%,,,3.50%,0.00%,25.10%,,1992,SE,EU15,Wave III,Sweden 1992,Gross,100%,54%,8%,15%,,12%,,,12%,0%
1987,SE,EU15,Wave II,Sweden 1987,Gross,0.429,0.253,0.212,27.60%,15.90%,4.00%,3.60%,1.00%,1.60%,,,1.60%,0.00%,32.50%,,1987,SE,EU15,Wave II,Sweden 1987,Gross,100%,58%,14%,13%,4%,6%,,,6%,0%
1981,SE,EU15,Wave I,Sweden 1981,Gross,0.411,0.241,0.197,26.80%,15.00%,3.40%,3.00%,,0.90%,,,4.40%,0.00%,29.80%,,1981,SE,EU15,Wave I,Sweden 1981,Gross,100%,56%,13%,11%,,3%,,,17%,0%
1975,SE,EU15,Historical wave,Sweden 1975,Gross,0.4,0.274,0.215,19.40%,9.80%,3.30%,2.60%,,0.40%,,,3.30%,0.00%,30.70%,,1975,SE,EU15,Historical wave,Sweden 1975,Gross,100%,50%,17%,13%,,2%,,,17%,0%
1967,SE,EU15,Historical wave,Sweden 1967,Gross,0.391,0.316,0.26,11.90%,6.30%,2.40%,2.60%,,0.40%,,,0.30%,0.00%,28.80%,,1967,SE,EU15,Historical wave,Sweden 1967,Gross,100%,53%,20%,22%,,3%,,,2%,0%
2013,CH,Europe - other,Wave IX,Switzerland 2013,Gross,0.425,0.3,0.295,17.20%,12.90%,0.00%,2.00%,,0.90%,0.00%,,1.30%,0.00%,28.10%,,2013,CH,Europe - other,Wave IX,Switzerland 2013,Gross,100%,75%,0%,12%,,5%,0%,,7%,0%
2010,CH,Europe - other,Wave VIII,Switzerland 2010,Gross,0.411,0.294,0.294,16.10%,12.40%,0.00%,1.60%,,1.20%,0.10%,,0.80%,0.00%,27.40%,,2010,CH,Europe - other,Wave VIII,Switzerland 2010,Gross,100%,77%,0%,10%,,7%,1%,,5%,0%
2007,CH,Europe - other,Wave VII,Switzerland 2007,Gross,0.41,0.307,0.311,15.50%,12.70%,0.00%,1.20%,,0.70%,,,0.90%,0.00%,27.30%,,2007,CH,Europe - other,Wave VII,Switzerland 2007,Gross,100%,82%,0%,8%,,4%,,,6%,0%
2004,CH,Europe - other,Wave VI,Switzerland 2004,Gross,0.394,0.265,0.268,17.40%,13.40%,0.40%,1.60%,,1.20%,0.00%,0.20%,0.50%,0.00%,26.10%,,2004,CH,Europe - other,Wave VI,Switzerland 2004,Gross,100%,77%,2%,9%,,7%,0%,1%,3%,0%
2002,CH,Europe - other,Wave V,Switzerland 2002,Gross,0.391,0.276,0.273,16.00%,12.80%,0.50%,1.60%,,0.70%,0.00%,0.10%,0.40%,0.00%,25.10%,,2002,CH,Europe - other,Wave V,Switzerland 2002,Gross,100%,80%,3%,10%,,4%,0%,1%,3%,0%
2000,CH,Europe - other,Wave V,Switzerland 2000,Gross,0.385,0.278,0.28,15.30%,12.30%,0.40%,1.60%,,0.50%,0.00%,0.10%,0.40%,0.00%,24.50%,,2000,CH,Europe - other,Wave V,Switzerland 2000,Gross,100%,80%,3%,11%,,3%,0%,1%,3%,0%
1992,CH,Europe - other,Wave III,Switzerland 1992,Gross,0.401,0.322,0.307,12.20%,11.20%,0.20%,,,0.60%,0.00%,0.20%,0.10%,0.00%,16.90%,,1992,CH,Europe - other,Wave III,Switzerland 1992,Gross,100%,92%,2%,,,5%,0%,2%,0%,0%
1982,CH,Europe - other,Wave I,Switzerland 1982,Gross,0.398,0.33,0.309,8.10%,7.40%,,,,0.10%,,,0.60%,0.00%,18.00%,,1982,CH,Europe - other,Wave I,Switzerland 1982,Gross,100%,92%,,,,1%,,,7%,0%
2013,TW,South-East Asia,Wave IX,Taiwan 2013,Gross,0.333,0.304,0.308,9.90%,1.10%,,,,,,0.10%,8.60%,0.00%,13.30%,,2013,TW,South-East Asia,Wave IX,Taiwan 2013,Gross,100%,11%,,,,,,1%,88%,0%
2010,TW,South-East Asia,Wave VIII,Taiwan 2010,Gross,0.329,0.307,0.317,8.10%,1.20%,,,,,,0.10%,6.80%,0.00%,12.30%,,2010,TW,South-East Asia,Wave VIII,Taiwan 2010,Gross,100%,14%,,,,,,1%,84%,0%
2007,TW,South-East Asia,Wave VII,Taiwan 2007,Gross,0.329,0.304,0.307,8.10%,1.10%,,,,,,0.10%,7.00%,0.00%,10.30%,,2007,TW,South-East Asia,Wave VII,Taiwan 2007,Gross,100%,13%,,,,,,1%,86%,0%
2005,TW,South-East Asia,Wave VI,Taiwan 2005,Gross,0.324,0.309,0.305,8.90%,0.90%,,,,,,0.10%,8.00%,0.00%,4.80%,,2005,TW,South-East Asia,Wave VI,Taiwan 2005,Gross,100%,10%,,,,,,1%,89%,0%
2000,TW,South-East Asia,Wave V,Taiwan 2000,Gross,0.306,0.292,0.289,5.90%,0.50%,,,,,,0.10%,5.30%,0.00%,4.40%,,2000,TW,South-East Asia,Wave V,Taiwan 2000,Gross,100%,9%,,,,,,1%,90%,0%
1997,TW,South-East Asia,Wave IV,Taiwan 1997,Gross,0.3,0.289,0.287,4.60%,0.40%,,,,,,0.00%,4.20%,0.00%,4.40%,,1997,TW,South-East Asia,Wave IV,Taiwan 1997,Gross,100%,9%,,,,,,1%,90%,0%
1995,TW,South-East Asia,Wave IV,Taiwan 1995,Gross,0.313,,0.284,,,,,,,,,,,,,1995,TW,South-East Asia,Wave IV,Taiwan 1995,Gross,,,,,,,,,,
1991,TW,South-East Asia,Wave III,Taiwan 1991,Gross,0.281,0.277,0.271,1.30%,0.40%,,,,,,,0.90%,0.00%,1.40%,,1991,TW,South-East Asia,Wave III,Taiwan 1991,Gross,100%,30%,,,,,,,70%,0%
1986,TW,South-East Asia,Wave II,Taiwan 1986,Gross,0.275,0.274,0.269,0.50%,0.10%,,,,,,,0.40%,0.00%,1.40%,,1986,TW,South-East Asia,Wave II,Taiwan 1986,Gross,100%,19%,,,,,,,81%,0%
1981,TW,South-East Asia,Wave I,Taiwan 1981,Gross,0.272,0.271,0.267,0.40%,0.00%,,,,,,,0.40%,0.00%,1.00%,,1981,TW,South-East Asia,Wave I,Taiwan 1981,Gross,100%,11%,,,,,,,89%,0%
2013,UK,EU15,Wave IX,United Kingdom 2013,Gross,0.537,0.364,0.33,21.70%,13.80%,0.00%,3.40%,0.00%,0.40%,2.00%,0.90%,1.10%,0.00%,16.70%,,2013,UK,EU15,Wave IX,United Kingdom 2013,Gross,100%,64%,0%,16%,0%,2%,9%,4%,5%,0%
2010,UK,EU15,Wave VIII,United Kingdom 2010,Gross,0.542,0.37,0.334,21.40%,12.90%,0.00%,3.60%,0.10%,0.40%,2.00%,1.10%,1.20%,0.00%,17.80%,,2010,UK,EU15,Wave VIII,United Kingdom 2010,Gross,100%,60%,0%,17%,1%,2%,9%,5%,6%,0%
2007,UK,EU15,Wave VII,United Kingdom 2007,Gross,0.524,0.372,0.339,18.90%,11.60%,0.00%,3.00%,0.10%,0.20%,1.60%,1.20%,1.10%,0.00%,17.80%,,2007,UK,EU15,Wave VII,United Kingdom 2007,Gross,100%,61%,0%,16%,0%,1%,9%,6%,6%,0%
2004,UK,EU15,Wave VI,United Kingdom 2004,Gross,0.527,0.367,0.344,19.60%,12.50%,0.00%,2.90%,0.20%,0.30%,1.80%,1.20%,0.70%,0.00%,20.50%,,2004,UK,EU15,Wave VI,United Kingdom 2004,Gross,100%,64%,0%,15%,1%,1%,9%,6%,4%,0%
1999,UK,EU15,Wave V,United Kingdom 1999,Gross,0.53,0.373,0.346,19.60%,12.40%,0.10%,2.30%,0.10%,0.70%,1.90%,1.70%,0.40%,0.00%,21.20%,,1999,UK,EU15,Wave V,United Kingdom 1999,Gross,100%,63%,0%,12%,1%,3%,10%,8%,2%,0%
1995,UK,EU15,Wave IV,United Kingdom 1995,Gross,0.538,0.38,0.344,20.60%,12.50%,0.20%,2.00%,0.30%,0.20%,1.70%,2.70%,1.00%,0.00%,22.10%,,1995,UK,EU15,Wave IV,United Kingdom 1995,Gross,100%,61%,1%,10%,1%,1%,8%,13%,5%,0%
1994,UK,EU15,Wave IV,United Kingdom 1994,Gross,0.535,0.368,0.339,21.10%,13.00%,0.10%,1.80%,0.30%,0.40%,1.90%,2.70%,0.90%,0.00%,20.90%,,1994,UK,EU15,Wave IV,United Kingdom 1994,Gross,100%,62%,0%,8%,2%,2%,9%,13%,4%,0%
1991,UK,EU15,Wave III,United Kingdom 1991,Gross,0.501,0.368,0.336,17.20%,10.80%,0.20%,1.70%,,0.30%,,,4.20%,0.00%,23.50%,,1991,UK,EU15,Wave III,United Kingdom 1991,Gross,100%,63%,1%,10%,,2%,,,24%,0%
1986,UK,EU15,Wave II,United Kingdom 1986,Gross,0.5,0.34,0.303,21.90%,11.10%,0.60%,2.90%,,1.40%,,,5.90%,0.00%,21.90%,,1986,UK,EU15,Wave II,United Kingdom 1986,Gross,100%,51%,3%,13%,,6%,,,27%,0%
1979,UK,EU15,Wave I,United Kingdom 1979,Gross,0.41,0.295,0.267,17.20%,8.40%,0.70%,3.20%,,1.50%,,0.50%,2.90%,0.00%,19.50%,,1979,UK,EU15,Wave I,United Kingdom 1979,Gross,100%,49%,4%,19%,,9%,,3%,17%,0%
1974,UK,EU15,Historical wave,United Kingdom 1974,Gross,0.374,0.307,0.268,9.70%,7.90%,0.20%,1.00%,,0.30%,,,0.40%,0.00%,14.20%,,1974,UK,EU15,Historical wave,United Kingdom 1974,Gross,100%,81%,2%,10%,,3%,,,4%,0%
1969,UK,EU15,Historical wave,United Kingdom 1969,Gross,0.36,0.295,0.267,10.20%,6.60%,0.70%,1.80%,,0.30%,,,0.80%,0.00%,12.60%,,1969,UK,EU15,Historical wave,United Kingdom 1969,Gross,100%,64%,6%,18%,,3%,,,8%,0%
2013,US,Anglo-Saxon,Wave IX,United States 2013,Gross,0.509,0.418,0.377,13.80%,11.00%,0.10%,1.30%,0.70%,0.40%,0.10%,0.70%,0.10%,-0.60%,19.60%,,2013,US,Anglo-Saxon,Wave IX,United States 2013,Gross,100%,80%,1%,9%,5%,3%,1%,5%,0%,-4%
2010,US,Anglo-Saxon,Wave VIII,United States 2010,Gross,0.507,0.411,0.367,14.80%,10.50%,0.10%,1.40%,0.80%,1.20%,0.10%,0.70%,0.70%,-0.50%,19.60%,,2010,US,Anglo-Saxon,Wave VIII,United States 2010,Gross,100%,71%,1%,9%,5%,8%,0%,5%,5%,-4%
2007,US,Anglo-Saxon,Wave VII,United States 2007,Gross,0.483,0.409,0.371,11.50%,9.30%,0.10%,1.20%,0.50%,0.30%,0.10%,0.40%,0.00%,-0.40%,20.10%,,2007,US,Anglo-Saxon,Wave VII,United States 2007,Gross,100%,81%,1%,11%,4%,2%,1%,3%,0%,-4%
2004,US,Anglo-Saxon,Wave VI,United States 2004,Gross,0.487,0.409,0.364,12.00%,9.40%,0.20%,1.40%,0.60%,0.40%,0.10%,0.40%,0.10%,-0.50%,19.80%,,2004,US,Anglo-Saxon,Wave VI,United States 2004,Gross,100%,78%,1%,12%,5%,3%,1%,3%,1%,-4%
2000,US,Anglo-Saxon,Wave V,United States 2000,Gross,0.477,0.409,0.357,10.20%,8.70%,0.20%,0.50%,0.50%,0.20%,0.10%,0.30%,0.10%,-0.40%,22.40%,,2000,US,Anglo-Saxon,Wave V,United States 2000,Gross,100%,85%,2%,5%,5%,2%,1%,3%,1%,-4%
1997,US,Anglo-Saxon,Wave IV,United States 1997,Gross,0.483,0.407,0.36,11.20%,9.20%,0.20%,0.70%,0.50%,0.30%,0.10%,0.50%,0.00%,-0.40%,21.50%,,1997,US,Anglo-Saxon,Wave IV,United States 1997,Gross,100%,82%,2%,7%,5%,3%,1%,4%,0%,-3%
1994,US,Anglo-Saxon,Wave IV,United States 1994,Gross,0.487,0.406,0.361,12.10%,9.50%,0.30%,0.90%,0.60%,0.50%,0.10%,0.70%,0.00%,-0.40%,20.50%,,1994,US,Anglo-Saxon,Wave IV,United States 1994,Gross,100%,78%,2%,7%,5%,4%,1%,6%,0%,-3%
1991,US,Anglo-Saxon,Wave III,United States 1991,Gross,0.467,0.388,0.346,12.00%,9.30%,0.40%,0.70%,0.60%,0.60%,0.10%,0.60%,0.00%,-0.40%,20.00%,,1991,US,Anglo-Saxon,Wave III,United States 1991,Gross,100%,78%,3%,6%,5%,5%,1%,5%,0%,-3%
1986,US,Anglo-Saxon,Wave II,United States 1986,Gross,0.459,0.386,0.34,10.90%,8.50%,0.30%,0.60%,,0.40%,0.10%,0.50%,0.40%,0.00%,21.10%,,1986,US,Anglo-Saxon,Wave II,United States 1986,Gross,100%,78%,3%,5%,,4%,1%,5%,4%,0%
1979,US,Anglo-Saxon,Wave I,United States 1979,Gross,0.428,0.356,0.31,10.40%,7.70%,0.20%,0.70%,,0.40%,0.00%,0.60%,0.70%,0.00%,20.40%,,1979,US,Anglo-Saxon,Wave I,United States 1979,Gross,100%,74%,2%,7%,,4%,0%,6%,7%,0%
1974,US,Anglo-Saxon,Historical wave,United States 1974,Gross,0.412,0.352,0.316,8.50%,6.10%,,,,0.40%,,,2.00%,0.00%,18.30%,,1974,US,Anglo-Saxon,Historical wave,United States 1974,Gross,100%,71%,,,,5%,,,24%,0%
2013,UY,Latin America,Wave IX,Uruguay 2013,Net,0.466,0.372,0.372,20.20%,17.30%,,0.90%,,0.50%,,0.90%,0.50%,0.00%,,,2013,UY,Latin America,Wave IX,Uruguay 2013,Net,100%,86%,,5%,,2%,,5%,3%,0%
2010,UY,Latin America,Wave VIII,Uruguay 2010,Net,0.498,0.405,0.405,19.90%,17.30%,,1.00%,,0.40%,,0.70%,0.40%,0.00%,,,2010,UY,Latin America,Wave VIII,Uruguay 2010,Net,100%,87%,,5%,,2%,,4%,2%,0%
2007,UY,Latin America,Wave VII,Uruguay 2007,Net,0.521,0.423,0.423,20.20%,16.90%,,0.90%,,0.30%,,1.80%,0.30%,0.00%,,,2007,UY,Latin America,Wave VII,Uruguay 2007,Net,100%,83%,,4%,,2%,,9%,2%,0%
2004,UY,Latin America,Wave VI,Uruguay 2004,Net,0.529,0.424,0.424,25.20%,,,0.40%,,0.40%,,,24.50%,0.00%,,,2004,UY,Latin America,Wave VI,Uruguay 2004,Net,100%,,,2%,,2%,,,97%,0%
